location	aan	agent	als	beiden	besluit	bij	buiten	daar	dan_1	dat	de_6	door	een_count	een_det	er	even	extra	gerinkel	glas	glaszetter_1	goed	gooien	he	heel	hem	het	hij_2	hoek	houden	huizen	in_1	ineens	is	jongetje_2	juist	klein	klinkt	korte	krijgen	later	let	loopt	lopen	lukt	maar_1	met_1	mevrouw	naar	net	niet	nou	nu	of	om	ontdaan	ook	op	pakken	politieagent	repareren	ruit	ruiten	samen	sneuvelen	staan	stapt	steen	stil	straat	straten	te	tijd	toevallig	van	veel	vraagt	vrouw	wil_1	ze_1	ziet_1
Appelscha	ɑn	plisi	as	ɑlətʋei	ʋɪl	bɛi	bytn	dʌ			də	dʏr	en	ən	ɛr	eibmpis		laʋai	xlas	xlasɛtər	xut	xʊin			hɛm	hɛd	i	hukə	hɒln	hysn	ɪn	ɪnenn	ɪs	jɔxi	krɛkt				kriɡŋ	lætər			loupm	lɒkt		mɛt	frau	nʌ	krɛkt	nit		nɑu	ɒf		fəbɑuʋərɪt		ɔp		plisi	makŋ	ryt	rytn		xʌnkəpʌt	stʌn	loup	stinə	stɪlə	strʌtə					fan		frʌxt	frau	ʋɛl	sə	sit
Axel		pəlisi	ɑt	ɑləbæi	wɪl	bi	bytn	də	dɑ	dɑ	də	dʏr	ɪn	ə	dər	eifə			hlɑs	χlasætər	χut	χʊiən			əm	t	i	uk	pɑkŋ	ysn		ɪnens	ɪs	fɛncə	nɛt	klɛin		kɒrtn		lʌtər	læt	lopt	lopm	lœkt	mʌr	met	frɑuə	nɑ	næt	nɪ	nɑu	nɒu	ɒf			ok	ɪn		pəlisi	mɒkŋ		rytn	sʌmm	χɒnkɑpɒt		kɔm	stɪn	stɪl	strʌtə			tit		fɑn		frɒχt	frɑuə	wɪl		zit
Budel	ɒn	plisi	ɑz	ʌləbæi	bəʃlut	bi	butə	də	dɑn	da	də	dʏʀ	en	nə	əʀ	ɛfə		çəʀɪŋkəl	çlɒs	çlɒsætəʀ	çu	çɒiə	hei	hil	əm	t	hei	huk	hauə	huzə	ɪn	ɪnɛns	ɪs	mænəkə	jyst			kɒʀtə	kʀiɡə	lɒtəʀ	lɛt	lœpt	lɯpə	lœkt	mɑʀ	mæt	fʀɒu	nə	næ	nɪt	nə	nɒu	ɒf	œm		ok	ɔp	pɑkə	plisi	mɑkə	ʀut	ʀutn		snøfəln		lʏbd	kæi	stɪl	stʀɒt		tə	tit	tufɑləç	fɑn	føl	fʀœçt	fʀɒu	wɪl	sə	sɪt
Deerlijk		aχæt	ɑt	ɒlətwə			bœitn		tɯn	dɑ	də	dʏr	en	nə	də	əbeitsə		rɪŋkəln	hlɐs	χlɐzəmʌkər		smæitn	ɛ	vrut		t	i	ɯk	pɑkŋ	œizn	ɛn	ɔmənəkɪr	ɛs	fɪncə	ʒyst	klɛn	klɪŋkt	kɒrtn	krɛin	dərɑxtər	læt	lœpt	lœpm		mər	mɪt	frəuə		ʃystə	ni	ny	nə	ɒfdɑt		fəsχotn		ɔp		pəlisi	fəmɒkŋ	rʏtə	rœtn	tʏpə	brɪkŋ		kɔm	stɪn	stɛl	strʌtə	strʌtn		teit	lœkŋ	fɑn	fɪl	frɑht	frəuə	wɪl	sə	zit
Den Burg		pəlisi	ʌz	bɛiə	wɪl	bei	bytə	dɪr			də		in	ən	ər	ənhɒrcə		xərɪŋkəl	xlɔəs	xlɑzəmɑkər	xut	xʊiə				ət	i	huk	xripə	hyzə	ɪn	ɪninə	ɪs	jɒxi	krɛk	klɛin				lɑtər		lop	lopə		mʌ	mɪt	frɑu	nɑ	nɛt			nɑu	ɒf		fəsxɪft		ɔp		pəlisi		xlɔs	rɑmə	sampis	xɑntəbɒrst		kɔmt	stin	stɪl	strɪt					fɑn		fraxt	frɑu	wɪl	sə	sit
Dendermonde	ʊn						bɒœtə			dɑ			in	nə		ətæcə		lɑwɑit	çlɑs	rəɒtəmɔkər	çut	smætn	hei			t	m		hɑə	ɔzə	ɪn	inenekir	ɪs						kræχə	nɐdi	kɪkt	pɑsɪrt				mɛt	frɑ			ni			ɒf		ʊhədon		ɔp	pɑkə	pɒliʃəmɑn	rəparɪrə	fɛistər	fɛistərs	təsʊmm			kɔm	sten	stɪləkəs	strʊt				likə	fɑn		frʊçt	frɑ	mɒktɑvɑns	zə	sit
Didam	an	plitsi	ɑt	ɑləbɛi	bəslyt	bei	bytə	dʊ	dɑn	dɑ	də		en	ən	dər	ɛfkəs	ɛkstra	çərɪŋkəl	çlɑs		çut	çʊiə	hɛ	hɪl	əm	ət	ə	huk	hɒldə	hyzə	ɪn	inɛns	ɪs	jʏŋskə	krɛk	klɛin	klɪŋk	kɒrtə	kriçə	latər	kik	lʏp	lopə	lʏk	mɒr	mɛt	frɑu	nə	nɛt	nit	nə	nɒu	ɒf	ʏm	fəsçrɪk	ok	ɔp	pɑkə	plitsi	makə	rut	rutə	samə	snøfələ		kʏmp	kɛi	stɪl	strɔt		tə	tit	tufɑləç	fɑn	fœl	frʏç	frɑu	ʋɪl	zə	sʏt
Diepenbeek	ʌ	pəlis	ɑs	ɑləbæ	wil	bɛ	bɔtə		dɑn		də	dʏʀ	ein	ənə	ə	əbitʃə	ækstʀə	ʀiŋkələn	çlɒs	çlɑzəmɑkəʀ	çut	çuiə		hil		t	əʀ	huk	haɡə	hœys	ɛn	ɔpɛns	ɪs	mænəkə					kʁɛeçə	lʌtəʀ	læt	kʏmt	loupə		mɑ		fʀəu	nə	ʒyst	nɪ		nɒu			hiləçɑnzʏfəʀətuʀ		ɔp		pəlis	mʌkə		ʀʌtə	bəden			kʏmp	sten	stɪl	stʀodə					fɑn	føl	fʀʏç	fʀəu	wɪlt	zə	zit
Dokkum	an	plisi	ɑt	bɛidn	bəslyt			də	dan		də	dʊr		n	dər	eifə		ɡərɪŋkəl	ɡlɑs	ɡl̴asɛtər	ɡut	ɡʊiə				ət	ər	hukə	hɑudn			ɪnis	ɪs	jɔŋkjə	krɛk	klɛin		kɒrtə	kræiə	l̴atər	siət	loupt	lʌupən		mɑr	mɛd	frau		krɛkt	nit			ɒf				ɔp	pakŋ	plisi			rytn		snøfələ			stɪən	stɪl	strat	stratn	tə	tit				fraxt	frau	sɪl		sit
Dordrecht		dindər	ɑls				bœtə	dar			də	dʊr	ein	ə	ər						xut	xʊiə	hei			hɛt	hɛi	huk		hœyzə			ɪs	knapi		klɛin					lɛt						frɑu	nə	næt	nit		ny						pɑkə	jyt	mɑkə		raytə		snøfələ		stɑp	stein	stɪl		stratə			tufɒləx	fɑn		frɑxt	ʋɛf	wʏl	sə	sin
Eelde	æ	axɛt	ɑz	ɑləbɑi	ʋɪ	bi	butn	dʊ	dan	dɑ	də		ɑi	n	dər	eibm	ɛkstrə	xərɪŋkəl	xlas	xlasɛtər	xɑut	xʊin	hei		əm	hət	e	hɑuk	hʌll	huzn	ɪn	ɪnɑis	ɪs	jɔŋki	nɛt	klain	klɪŋkt	kœrdə	kriɡŋ	lɔtər	lɛt	lɒp		lʏkt	mʌr	mɛt		nə	nɛt	nait		nɑu	ɒf		ɔndɔn	ouk	ɔp	pakŋ	plitsiɑxɛt	mɒkŋ	rut	rʊmm	sɔmm		stɒn	stap	stɑin	stɪl	strʊt			tit	təfɑləx	fan		frax	frɑu	ʋʏl	zə	sʏt
Ermelo		dindər	ɑs			bi	bytn		dɑn	dɑ	də	dʏr		ən	ər	ɛfə		xərɑməl	xlɑs	xlʊzəzɛtər	xut	xʊiən	hei			t	i	huk				ɪnens	ɪs	jɔŋəcə	nɛt	klɛin	klɪŋkt		krixə	lɒtər	kikt	lœp	rœnn			mɛt	frɑu	nə	nɛt	nit					fəsxrɪkt		ɔp		dindər	makə	ryt	rytn		breikənkəpɒt		kɔmt	kɛi	stɪl	strɔt				tufɑləx			fraxt	frɑu	ʋɪl	zə	zit
Eys	ɑ	pəlis	wɛnt			bei	butə	də	dɑ	dɑt	də	dœʀç	ein	ənə		æfə	ɛkstʀə	çəʀɪŋkəl	çlɑs	çlɑsætəʀ	çut	bʀʏiə	hɛ	hil	əm	hɛd	hɪʀ	ɛk	hɒdə	huzəʀ	ɪn	ɪnɛns	ɪʃ	jʏŋskə	jyst	klɛn			kʀiçə	spidəʀ	lɛt	çet		lœkt	maʀ	mæt	fʀɒu	nə	çʀat	nɪt		nu	ɒf	œm	əntsæt	ouç	ɔp		blɑuə	mʌkə	ʀut	ʀutə	sɑmə	ʃnøfələ		kʏmt	ʃte	ʃtɛl	wɛç		tə	tit	tufɑləç	fən	fœl	fʀʊçt	fʀɒu	wɪlt	zə	sit
Finsterwolde	æ	plitsi	az	bɑidə	bəslʊt		butn	dʊ	dɛn	da	də	dʏr	ɒi	n	ər	eibm		xərɪŋkəl	xl̴as	xlʊznzɛdər	xɑut	xʊin	hei		hɒm	t	hɛi	hɑukə	hʊdn	huzn	ɪn	ɪnɒis	ɪs	jɔŋkjə	nɛt	løcə	klɪŋkt		kriɡŋ	lʊtər	lɛt	lɒp	loupm	lʏkt	mɒr	mɛt	frɑu	nʊ	nɛd	nɑit	nɑu	nɒ	ɒf	ɔm	ɔndɔn	ouk	ɔp	pakŋ	plitsiɑxɛnt	repɑrɪrn	rutə	rutn	sʊmm	snøfəln		ʂtapt	stɑinə	stɪl	strʊtə	strʊtn	tə		təfɑləx	fɑn		frɑxt	frɑu	ʋɪl	zə	sʏxt
Gavere		ɑχænt	ʊst	ɒlətwiə	bəslɪt		bœtn		tʊs	dɑ	də	dʏr	inə	nə	dər	becə		həklætər	xlʊs	çlʊzəmɔkər	χu	smetn		vri	ɛm	t	i	uk	ɑræstɪrn	œzn	ɛn	ɔmɛnəkir	ɑs	jʊncə	ʃyst	klɛn	klɪŋkt	kœrtn	kren	lɔtrə	læt	lœpt	løpm	lœkt	mʌr	mɪt	mɑdɑm	nə	ʃyst	ni			ɒfdɒt	ɔm	ɑnhəslen		in	pʌkŋ	pulisimʌn	rɪpərɪrn	rœtə	rœtn	typə	snøfələn		kɔmt	stin	stil	strʊitə		t	tet	lʏkŋ	fɑn		frʊχt	frɑu	wɛl	zə	zit
Geraardsbergen	ʊn	ʒɑmpætər	ɑst	ʌlətwɪə	wɪl		bœtn	də	tys	dɑ	də	dør	enə	ə		wɑ			χlɑs	χlʊzəmʊkər		smætn				t	ɛ	uk	hɑn	œzn	ɪn	ɑmənəkir	ɛs	mɑnəkən	ʒyst	klæn				nɑrdin		lʏpt	lɤupən		mɒr	mæt	frau		ʃyst	ni	na		ɒfdɑt		fɑnhʏrɤt		ɔp	pɑkən	ʒɑmpætər	repɑrɪrn	rœtə	rœtn	sʊmm			stɑpt	stɪ	stɪl	strɔtə				lʏkən	fɑn		frʊxt	frau	wɪl	zə	sit
Grijpskerk		pəlitsi	as	bɛidn	ʋɪl	bɛi	bytn	dʊ	dan		də	dʏr	ein	n		eibm	ɛkstrə	rɪŋkəln	xlas	xlasɛtər	xud	xʊin			hɪm	t	hɛi		pakŋ	hysn	in	ɪneis	ɪs	jɔŋkjə	krɛk	klɛin	klɪŋk	kɒrtə	kriɡŋ	lɔtər	lɛt	loupt		lʏkt	mɒr	mɛt	frɑu	nə	nɛt	nit		nau	ɒf				ɔp	pɑkŋ	pəlitsiman	mɒkŋ		rytn	sɔmm	snøfəln	stɒn	kɔmt	sti	stɪl	strʊt	strʊtn		tit		fan	føl	frʊxt	frɑu	ʋʏl	zə	sɪxt
Groenlo	ɑn	ʋɑut	ɑs	bɛidə	bəslœts	bi	butn	d	dan		də	dʏʀ	e	nə	ə	nhɒtə	ɛkstʀa	xəʀɪŋkəl	xlas	xlasɛtəʀ	xud	smitn	hɪ		əm	t	he	hok	hɒln	hyzəʀ	ɪn	ɪnɛns	ɪs	jʏŋskə	nɛt	klɛin		kɒʀtn	kʀɪxən	latəʀ	lɛt	lœp	lopən	lʏkt	mɔr	mɛt	fʀɑuə	nə	nɛt	neit	nə	nɒ	ɒf	ɔm	fəʀɑldərɪʀt	ok	ɔp	pakən	ʋɑut	ʀepɑʀɪʀn	ʀutə	ʀutn	samm	xɒtəʀɑn		kʏmp	kɛi	stɪlə	stʀʌtə	stʀʌtn	tə	tit	tufɑləx	fan		fʀʏx	fʀɑuə	ʋʏl	sə	sœt
Grolloo	ɑn	plisi	ɑz	bɛidə	bəslœt	bɛi	butn	dɒ	dan	da	də	dʏr	i	n	ər	ebmpis		xərɪŋkəl	xlas	xlasɛdər	xud	smitn		hil		t	i	huk	hɒln	husn	ɪn	ɔpis	ɪs	jɔŋki	jyst	klɛin		kœrdə		lʌtər	lɛt	lɒp	lopm	lʏk	mɑ	mɛt	frɑu	ɛ	nɛt	nit		nɑu	ɒf	œm	fərɑldərɪt	ɤuk	ɔp		plitsi	mɑkŋ	rut	rutn		snøfəlt		kɔmt	sti	stɪl	strʌt	strʌtn	tə	tit		fan		frax	frɑuspəsɔ	wʏl	sə	zœt
Grouw	ʊn	pliʃə		ɑlətʋa	bəslyt	bei	butn	da		dɑt	də		ɪ	ən	ər	ɛfkəs			ɡlɛs	ɡlɛsɛtər		smitə				ət	hɛi	hukə	hɒdn	hysn	ɪn	ijɪnn	ɪs	jɔŋkjə				kuɑtskɔfkə	kræiə	lɛtər		rɪnt	rɪnn		mɑr	ma	frau	nɑi	krɛkt	nɛt			dɑt	ɔm	tixəskrɒkŋ	ɛk	ɔp	pakə	pliʃə	mɑitʃə	ryt	rytn	təɡɛrə			stapt	stɪn	stɪl	strɪtə		tə		təfɑləx	fan		freixət	frau	zɪl	harn	ʃɔxt
Heerewaarden	ʌ	plisi	æs	bæi	bəslœt	bɛi	bœytə	dɒ	dɑn	dæ	də	dʏʀ		ənə	də	ɛfkəs	ækstʀa	çəʀɪŋkəl	çlɑs	çlɑsɛtəʀ	çud	çʊiə	hei		əm	t	i	huk	hauə			nɪns	ɪs	mænəkə	nɛt	klæn	klɪŋkt			lʌtəʀ	kɛk	loup	loupə	lʏkt	ma	mɪt	fʀɑu	na	næt	ni		nɑu	ɒf	ɔm	oufəsty	ouk	ɔp		plisi	makə	ʀayt		samə	çɒnkəpɒt		stapt	sten	stɪl	stʀʌt	stʀɒtə	tə		tufaləç			fʀʌçt	fʀɑu	wɪl	sə	sit
Hoeven	ɑ	açænt	ɑt	ɑləbæi	bəslœt	bɛi	bœytə	dʌ	dɑn		də	dʏʀ	ɪn	nə	dər	ɛfə		çəʀɪŋkəl	çlas	çlɑsætəʀ	çud	çuiə	hei	hil	əm	t	i	uk	hɑuə	œyzə	ɪn	ənɪs	ɪs	mɑnəkə	jyst	klɛin	klɪŋkt			lʌtəʀ	kɛk	loup	lɤupə	lʏkt	maʀ	mæt	fʀɑu	nə	næt	ni		nɑu	ɒf	ɔm	ɑçədɑn		ɔp	pakə	plisi	mʌkə	ʀœyt	ʀœytə		snøfələ		stɑpt	sten	stɪl	stʀʌt	stʀʌtə	t			fan	fʏl	fʀʌçt	fʀɑu	wʏl	zə	sit
Hollum	ɑn	pliʃə	az		ʋʏl	bɛi	bytn		da		də	dʏr	ɪn	ə	ər	efə					ɡut	smitə		hʏl		ɪt		huk	hɑuə	hyzn	ɪn	ənɪnn	ɪs			klɛin				latər			loupən		mar		frɒu	nə	krɛkt	nit			ɒf		oufəsty		ɪn	pakŋ	pliʃə	makə	ɡlɑs	xlazn	təxarə	snøfələ		kɔmd	stɪn	rʏstəx	lʊn			bəstɛk		fan	fʏl	fraɡt	frɒuspəsɔ	ʋɪl	sə	sit
Horn	an	plis	ɑs	ɑləbæi	bəʃlyt	bi	butə	dʌ	dɑn	dat	də	dʊʀ	ein	ənə		ɛfə	ækstʀə	çəʀɪŋkəl	çlas	çlasætəʀ	çʊt	çʊiə	hei	hil	əm	hɛt	hɛ	hʊk	hɒiə	huzəʀ	ɛn	ɔpɛns	ɪʃ	jʏŋskə	kʀɛk	klen	klɪŋkt	kɒʀtə	kʀiçə	latəʀ	læt	lœpt	lʌupə	lœkt	mæʀ	mæt	fʀɒu	nɑ	næt	nɪt	nɯ	ny	ɒf	ɔm	çəʃʀʊkə		ɛn	pɑkə	pliʃəmɑn	makə	ʀut	ʀutə	samə	ʃnøfələ		ʃtɑpt	ʃten	ʃtɪl	ʃtʀɒt	ʃtʀɒtə	tə	tit	təfɑləç	fɑn	fœl	fʀʏçt	fʀɒu	wɪlt	zə	zyt
Houthulst	ɑn	ɑχɛnt	ɒst	ʊlətweə	bəslyt		bytn	dʊ	tun		də	dʏr	en	ə	dər	əbecə			hlɑs	rytəfəmʌkər	hud	smitn				t	m	uk	un	yzn	ɛn	ɔməkɪr	ɪs		ɟystə	klɪn		hɪ		lʌtər	læt	lɔp	lopm		mʌ	mæt	mɑdam	nɔ	ʒyst	ni		ny	ɒfdɑt	ɔm	dʊtfəsχotn		ɪn	pɑkŋ	pəlisi	fəmʌkŋ	rytə	rytn	təhɒrə	hɒnkʌpɔt		kɔmt	stɪ	stɪl	strɔtə		t	tɪt		fɑn		frʌχt	frɔumɛs	wɛlt	sə	zit
Huizen	ɑn	plisi	ɑs	ɑləbai	ʋʏl	bɛi	bœytn	dɪr	dan	da	də	dʏr	ɪn	ə	dər	ɛfə		xərɪŋkəl	xlas	xlasɛtər	xut	xʊiən		hɪl	əm	t	i	huk	hɑuən	hœyzən	ɪn	ɪnɪnn	ɪs	jʊncə	nɛt	klɑin	klɪŋkt	kɒrtə	krɛia	lɑtər	lɛt	lop	lopm	lʏkt	mɑr	mut		nɪ	nɛt	næit	na	nɑu	ɒf		stɪkbədyst	ok	ɔp	pakə	plisi	mʌkə	rœyt	rœytə	sɑmə	xɪnkəpɔt		kɔmt	stɪ	stɪl	strɪt	strɪtn		tɛit	tufɑləx	fan	fyl	frʌxt	fraumɪns	ʋʏl	sə	zit
IJmuiden		axɪnt				bɛi	baytə			dɑt	də		ei	ə	ɛr	eifə		xərɪŋkəl	xlɒʃ	xlʌʃɪtər		xʊiə	hei			hɛt	ə			hayʃə		ɪneiʃ	ɪʃ	jɔŋəcə						latər	kɛikt		loupə		mar	mɪt	məfrɑu	na	nɛt	nit		ny				ouk	ɔp	pɑkə	plitsi	makə		ramə	sæmm	snøfələ		stɑpt	stei	stɪl	strat				tufɒləx	fɑn			frɑu	ʋʏl	sə	sit
IJsselmuiden	ɑn	plisi	ɑs	bɛidn	bəslœt	bei	bytn	dɑ	dən	dɑ	də	dʏʀ	e	ə	dəʀ	əposi	ɛkstʀa	xəʀɪŋkəl		xlɑsɛtəʀ	xud	xʊin			əm	hɛd	i	huk	hɒln	hyzn	ɪn	ɪnenkɪʀ	ɪs	jɒxi	jyst	klɛin	klɪŋkt	kœʀtə	kʀiɡŋ	latəʀ	læt	lœp	lopm	lʏkt	ma	mɛt	fʀɒuə	nɔ	nɛd	nit	nʊ	nɒu	ɒf	œm	əsxʀœkŋ	ok	ɔp	pɑkŋ	plisi	makŋ	ʀytə	ʀytn	samm			lœp	stɪ	stɪl	stʀɒtə		tə	tit	tufɑləx	fɑn		fʀœx	fʀɒuə	ʋɪl	sə	sit
Itegem	ʊn	çɑrdə	ɑs	ɑləba	bəslœt		bɒətə	dʌ		dɑt	də	dʏr		nə		əbekə				çlɔzəmɔkər	çɯ	smætə				hɛt	hɛ	hɯk	hævə	hɒəsə	ɪn	ɪnɪs	ɪs	feŋkə				kœtn		lɒtər		lœpt	lɤpə		mɒ	mɛt	frau		ʒyst	nɪ			ɒf		fərsçʌtə		ɔp	pɑkə	çɑrdə		rœt	rɑtə			stɒn		stɪn	stɪl	strɒt		tə	tæt	lykə	fɑn		frʊçt	frau	wɪl	zə	zi
Jubbega	ɑn	pəlɪʃəmɑn	ɑz	bɑidə	bəslyt	bai	butn	də	dan	dɑ	də	trʊ	ɪ	ən	ər	ɛfkəs	ɛkstrə	ɡəreŋkəl	ɡlæs	ɡlɛsɛtər	ɡud	ɡʊiə				ət	hɛi	hukə	hɒdn	huzn	ɪn	ɔpɪs	ɪs	jɔŋkjə	krɛk	lits	kleŋkt	kuɑtə	krai	lɛtər	lɛt	rɛnt	rɪnn	lʏkt	mɑr	mai	frau	na	krɛkt	nɛt	nau	nɒu	ɒft	ɔm	ustjur	ɛk	ɔp	pɑkŋ	pəliʃə	mɑitʃə	ɡlas	ɡlazn	təjɛrə	snøfələ	stɪn	stapt	stɛ	stɪl	dik	strɪtə	tə	tit	tufɑləx	fan		freiɡət	frɑməs	ʋɔl	zə	ʒɔxt
Kampen	ɑn	ɑxɛnt	ɑz	ɑləbɛi	bəslœt	bei	bytn	dʊ	dɑn	dɛ	də	dʏʀ	enə	ən	dəʀ	ibm	ɛkstʀa	xəʀɪŋkəl	xlɑs	ʀytnzɛdəʀ	xut	xʊin	he	il	əm	ət	i	huk	ɒln	hyzn	ɪn	ɪnens	ɪs	jɔnxi	jyst	klɛin	klɪŋkt	kɒʀtə	kʀiɡŋ	latəʀ	kɪk	lœp	lopm	lʏkt	ma	mɛt	fʀɒuə	nɔ	nɛt	nit	nə	nɒu	ɒf	ʏm	ɔntdɔn	ok	ɔp	pɑkŋ	plisiæxɛnt	makŋ	ʀytə	ʀytn	samm	snøfələn		stɒpt	kɛiə	stɪlə	stʀɒtə	stʀɒtn	tə	tit	tufɑləx	fɑn	følə	fʀœx	fʀɒuə	ʋɪl	zə	sit
Kerkrade	a	pʊlis	wɛnt	ɑlətswai	næmtsiçfyʀ	bei	us	dʊ	dan	dɑt	də	dœʀç	en	nə		ɛfə	ɛkstʀə	jəʀiŋkəl	jlas	jlaskɪəl	jʊt	wæʀpə		jɑns		əd	hɪʀ	ɛk	hʊdə	huzəʀ	ɪn	ɪnɛns	ɪʃ	jʏŋʃə	jʀat	klɪn	kleŋkt	kʊʀtə		ʃpidəʀ	pɑst	løft	lofə		ævəl	mɪt	fʀʌu	əʀ	jʀat	nɪt		nun	ɒf	œm	jɑnsʊpjəʀɪçt	oç	ɔp		pʊlis		ʀut	ʀutə	təzamə	ʃnøfələ		kʏmt	ʃte	ʃtɛl	ʃtʀɔəʃ	ʃtʀɔəsə	tsə	tsit	soufɛləç	fɑn	fʏl	fʀʊçt	fʀʌu	wɛlt	zə	zit
Koekange	an	plisi	az	ɑləbɛi	bəslœt	bei	bytn	dɑ	dan	da	də	dʏr	inə	n	dər	ɪbm		xərɪŋkəl	xlas	xlasɛdər	xut	xʊin	he	hɪl	əm	t	he	hɯk	hɒln	hyzn	ɪn	nis	ɪs	jɒxi	nɛt	klɛin		kɒrdə	kriɡŋ	lætər		lʌp	lopm	lœkt	mar	mɛt	frɑuə	nɑ	nɛd	nit	nau		ɒf	œm	xəsxrœkŋ		ɔp	pakŋ	plɪtsi	makŋ	rudə	rudə	samm	snøfəld		kʌmt	sti	stɪl	strʌdə		t	tit	tufɑləx	fan	følə	frɑx	frɑuə	wɛl	zə	sɛt
Kudelstaart	an	axɛnt	ɑls	bɛidə	ʋɪl			dar			də	dʊr		ə	ɛr	eifə			xlɑs	xlɑsɛtər	xut	hʊiə				hɛt	hɛi	huk	hɑudə		ɪn	plɔtsəlɪŋ	ɪs	kɪrəlcə		klɑin				latər	lɛt	kɔmt		lœkt	mɑr	bɛi	frau			nit			ɒf				ɔp		pəlitsi	makə	rayt	rœytə		breikə			stein	ʃtɪl	ʋɛx				tufʌləx			fraht	frau	ʋɪl		zit
Laren			ɑs			bi	bytn	dɒ		dɑ	də	dʏr	en	ə	ər	ɛfkəs	ɛkstra			xlasɛtər		xʊin			həm	hɛt				hyzə	ɪn	ɔpɛns	ɪs	jʏŋskə	nɛt				kriɡŋ	dənʌ		lœp	lopm	lʏkt	mʌr	mɛt	frʌuə	nɑ		nɪt			ɒf		hɪləmɔɒfəstʏr	ɤuk	ɔp	pakŋ	plytsi	makŋ	rutə	rutn		xɒtkəpɔət		kʏmp	kɛi	stɪl	strʌtə			zɛt	tufɑləx	fa		frœx	frʌuə	ʋʏl	zə	sʏt
Leersum		açɛnt				bɛi	bœytə	dar	dɑn		də			ə				çərɪŋkəl	çlas			xʊiə				hɛt	hɛi				ɪn		ɪs				klɪŋkt		krɛiçə			loup	lɐupə	lœkt			frɑu	na		nit					ɔndan		ɔp	pakə	ʋɛikæçɛnt			rœytə	samə			stapt	stein	stɛl	ʋɛç				tufaləç			fraçt	frau	ʋɪl	zə	zit
Lemmer	ɑn	pliʃə	ʋɑnɪr	bɛidə	bəslyt	bai	bytn	də	dɑn	dɑ	də	trʊ	ɪ	ən	ər	eifə	ɛkstra	ɡərɪŋkəl	ɡl̴ɛs	ɡlɛsɛtər	ɡuj	ɡʊiə	hei		əm	hət	hɛi	hukə	hɒdn	hyzn	in	ɪnes	ɪs	jɔŋkjə	krɛk	lits	klɪŋkt	kœtə		lɛtər	lɛt	rɔnt	rɔnn	lʏkt	mɑr	mai	frau	nɑi	krɛkt	nɛt		nɑu	ɒf	ɔm	ostjur		ɔp	pakŋ	pliʃə	mɑitʃə	ryt	rytn		snøfələ		stap	stɪ	stɪl	strɪtə	strʏtn	tə	tit	təfɑləx	fan		freiɡət	frau	ʋɔl	zə	ʃʏt
Lokeren	ɒn	ʃɑmpætərə	ɑst	ɑlətwiə	wʊl	bɛi	bøtən	də	dæ	dɑ	də	dʏr	in	nə	dər	əbecə			çlɑs	çlʊzəmʊkərə	çut	smetn				t	m	ɯk	ɒn	høzn	ɪn	ɪnɛnəkir	ɪs		ʒyst	klɛn			kren	nɐdin		lœp	løpən		mʌr	mɪt	mɑdɑm	nɑ	ʒyst	ni	nʌ	nɔ	ɒfdɑt		prəsisfandəryrn		ɔp		ʃɑmpætərə		rœtə	rœtn	təsʊmm	çɒnnədəfoncəs	stʌnə	kɔm	stiən	stɔl	strɔtə				lækən	fɑn		frʊçt	frɔ	wʊl	sə	zit
Lommel	æn	pəlis	ɑs	ɑləbæi	dɛŋktəræn	bɛi	bœytn	dɒr	dɑn	da	də	dʏr	en	nə	dər	æfkəs		çərɪŋkəl	çlɑs	çlɔzəmʌər	çut	smɛitn		hɪl	əm	t	i	huk	hʌuən	hœøzə	in	ɔpeins	ɪs	mænəʔən	ʃyst	klæn	klɪŋkt		krɛeçn	lɒtər	lɛt	lʏpt	lopən	lʏkt	mɑr	mit	frɑməs	nɑ	ʃyst	ni	nə	nəu	ɒf	fɑn	fərbɑuərɪrt	ɤk	ɔp	pɑkŋ	pəlis	repərɪrn	rœt	rœitən	çəlɛik	snøfələn		kʏmp	stein	stɪl	strɔt	strʊtə	tə			fɑn	føl	frøçt	frɑməs	wɪlt	zə	sit
Lunteren	ɑn	pəlisi	as	ɑləbɛi	bəslyt	bei	bytə	dɑ	dan	dɑ	də	dʏr	ɪ	ə	dər	ɛfə		rɪŋkələn	çlɑʃ	xlasmɑkər	çut	xʊiə	hei	hɪl		t	i	hʊk	hɑuə	hyzə	ɪn	plɒtsəlɪŋ	ɪs	jɔŋəcə	jyst	klɛin	klɪŋk	kɒrtə	kriçə	lʌtər	kik	loup	loupə		mar	mɛt		nə	nɛt	nit	nʊ	nu	ɒf	ʌm	heiloufəstyr	ouk	ɔp	pɑkə	pəlisi	mʌkŋ	ryt	rytə	sɑmən	snøfələ		stapt	stɪn	stɪl	strɑt	strʌtə	tə	tit	tufɑləx	fan	fʏl	frɑxt	ʋif	ʋʏl	zə	sit
Maldegem		æχæt	dæsdɑt	ɑlətwɪə	χət		bytn		tʊs		də	dʏr	ɪnə	nə	dər	əticə			χlɑs	rytəmɒkr	χu	smitn				t	i	uk	pɑkŋ	hʏzn	ɛn	ɒmɛnəkir	ɪs		ʒyst			kɒrtn		lœtrə	kɪk	pɑsirt	lʏpm		mər	mɪt			ʃystə	ni		nɛi	ɒf		fifəsχotn		ɔp	fʌstə	ʃɑndɑrm	mʊkŋ	rytə	rytn	tɯpə	fliχənkʌpɔt		kɔm	kæi	stɛl	strʏtə			tɛit	lækŋ	fɑn	fel	frʊχt		wɛl	sə	sit
Marken	an	pəlisi	ɑs	ɑlətʋei	neimtəbəslayt	bɛi	bœytə	də	dɑn	dɑ	də	dʏr	e	ə	də	ɛfə	ɛkstra	xəriŋkəl	xlas	xlasɛtər		xɤiə	hɛ			ət	i	hok	hɑuə	haysə	ɪn	ənins	ɪs	jɔŋəcə	nɛt	klɑin			kraə	dənɛi	lɛt	loupt	lɑupə	lʏkt	mɑr	mɪt		nei	nɛt	nit	nə	nɑu	ɒf	ɔm	eiləxʌrɑndein	ouk	ɔp		pəlisi	mʌkə	rayt	rœytə		xɛtəbarstə		stɑpt	sti	stɪl	strɛit	strɛitə	tə		tufɑləx	fɑn		freixt		wʏl	zə	zit
Middelharnis	ɑn	plɪsi	ɑst	ɑləbæiə	bəslyt	bi	bytən	dɑ	dɑn	da	də	dʏr	ɪ	ən	ər	efə			xlɑs	xlazəzætər	χud	χʊin			əm	t	i	huk	hauən	hyzən	ɛn	ənɪns	ɪs	fæncə	jyst	klɛin		kɒrtə	krɪxn	lætər	læt	lʌp	lɑpə	lœkt	mɑr	mæt	frauə	næ	næt	nɪt	nə		ɒf		hɪləmalʌufərdəturn	ʌk	ɔp	pɑkən	pəlɪsi	mækə	rytə	rytn	sæmm	snøfələ		stapt	stɪ	stɪlə	stratə	stratən	tə	tit	tufɑləχ	fɑn		fræχt	frauə	wʏl	sə	zit
Naaldwijk	ɑn	ɑxɛnt	ɒls	ʌləbai	bəslœyt	bɛi	bœtə	da	dɑn	dɑt	də	dʊʀ	ein	ə	əʀ	eifə	ɛkstʀə	xəʀɪŋkəl	xl̴ɑs	xlʌsɛtəʀ	xɯt	xɤiə		heil		hɛt	hɛi	huk	hɑudə	hayzə	ɪn	ɪneis	ɪs	jɔŋəcə	jœyst	klain	klɪŋkt	kɒrtə	kʀaixə	lɑtəʀ	lɛt	lɤupt	lɤupə	lʏkt	mɑʀ	mɛt	məfʀaɯ	na	nɛt	nit	nə	nʏ	ɒf	ɔm	xəsxʀʊkə	ɤuk	ɔp	pɑkə	plisiɑxɛnt	mɑkə	ʀœyt	ʀœytə	sɑmm	snøfələ		stɒpt	stein	stɪl	stʀat	stʀatə	tə	tait	tufʌləx	fɑn	fɤl	fʀɑht	fʀaɯ	ʋʏl	zə	zit
Neeroeteren		bɒi	ɑs	ɑləbæi	bəʃlɪst	bi	bytə	dɒ	dan	dat	də	dʏʀ	ein	ənə	əʀ	ɛfkəs		çəʀɪŋkəl	çlas	çlasənɛikəʀ	çʊt	çuiə	hei		əm	t	m	hɔk	hɑuə	hysəʀ	ɪn	ɪnɪns	ɪs	mænəkə	ʃyst		klɪŋk	çeinən		dənɒ	læt	lɛi	lɤupə	lækt	mɑʀ	bi	fʀəɯ	nʌ	ʃʏst	nɪt	nɯ	nu	ɒf	um	fəʃʀʊkə	ɤk	ɔp	pɑkə	bɒi	mɑkə	ʀut	ʀytə		çɒnkəpʊt		ʃtɑpt	stein	ʃtɪl	stʀɒt	stʀɒtə		ti		fɑn		fʀeiçt	fʀəɯ	wɪl	zə	zit
Nijverdal	ɑn	plitsi	ɑs	bɛidə	bəslœt	bi	bytn	dʊ	dɑn	dɑ	də	dʏr	en	n	ər	ɛbm	ɛkstra	xərɪŋkəl	xlɑs	xlɑsɛtər	xut	xʊin	he	hɪl	əm	hɛt	hɛi	huk	hɒln	hyzər	ɪn	ɪnes	ɪs	jɒxi	jyst	klɛin	klɪŋkt	kɒrtn	kriɡŋ	latər		lœp	lopm	lʏkt	mɑr	mɛt	frɑuə	nɒ	nɛt	nit	nə		ɒf	œm	ɒndɒn	ok	ɔp	pɑkŋ	plitsiaxɛnt	reparɪrn	rutə	rutn	samən	snøfəlt		stɑpt	sten	stɪlə	strʌtə		tə	tit	tufɑləx	fɑn	fœlə	frœx	frɑuə	ʋʏl	sə	sœt
Noordwolde	ɑn	pəlizi	ɶz		bəslyt	bɛi	bytn	da			də	dʏr	ein	ə	ər			xərɪŋkəl	xlas	xlɑsɛtər	xut	xʊin	he			t	i	huk	hɒln	hyzn	ɪn	ɪnis	ɪzə	jɒxi	krɛk			kɒrdə	kriɡŋ	lætər	kik	lop	lopm			mɛt	məfrʌu	nʌ		nit		nau	ɑz	ɔm	ɔndʌn		ɔp	pakŋ	pəlizi	mækŋ		rytn		xɒnkəpɒt	stʌn	kɔmd	stin	stɪl	strʌdə		t	tit		fan		frʌxt	frʌu	wɪl	sə	sit
Ommen	ɑn	plitsi	ɑz	bɛidn	wɪl	bei	bytn	dʊ	dɑn	dɑ	də	dʏr	i	n		wɑt		xəlyt	xlas	xlɑsɛtər		xʊin	he			t	ə	huk	hɒln	hyzə		ɪnis	ɪs	jɒxi	nɛt	klɛin	klɪŋkt	kɒrdə		latər		lœp	lopm			mɛt	frɒuə	nʌ	nɛt	ni			ɒf		fərɑldərɪt		ɪn	pɑkŋ	pəlitsi	makŋ	rutə	rutn	sæmm			kʏmp	stin	stɪlə	strʌtə			tit		fɑn		frʏx	frɒumɛsə	wɔl	sə	zœt
Onstwedde	æ	plitsi	az	bɛidn	bəslʊt	bi	butn	dʊ	dan	da	də	dʏr	ɑi	n	ə	eibm			xlas	xlasɛtər	xɑud	xʊin		hɑl	əm	t	i	hɑuk		huzn	ɪn	ɪnɑis	ɪs	jʌŋkjə	nɛt			kœrdə	kriɡŋ	lɒtər	kɪk	lɒpt	lʌupm	lʏkt	mar	mɪt	məfrau	nʊ	nɛt	nix			ɒf	ʏm	fəbɑuʋərɪt	ouk	ɔp	pakŋ	plitsi		rudə	rutn	sɒmm	snøfəld		stap	stɑinə	stɪl	strʊdə		tə	tit	təfɑləx	fan		fraxt	frau	ʋɪ	sə	sʏxt
Oostende		pliʃə	ɒst	ʊlətwɛ	ɪsfanplan	bi	bytn		tʊnə		də	dʏr	ɛən	ə	dər	əlæcə		həriŋkəl	hlɑs	rytəmʌkər	çut	smitn		stif	æm	t	m		ʃtækŋ	yzn	ɪn	ənɛikɪ	ɪs	χaʃə	ʃystə	klɛin	klɪŋkt	hɛn	krihən	lɒtər	lɛt	lɒpt	loupən	lœkt	mʌr	mæt	wyf	nɒ	ʃystə	ni			ɒst		ɑχədɒn		ɪn	ʃtækən	pliʃə	fəmɑkŋ	rytə	rytn	təhɒrə			stapt	stɛ	stɪlə	strʌtə		tə	tit		fan		fraxt	wyf	wɛl	œndər	sit
Ooy		pəlisi		ɑləbe	wɪl	bei	bytə		dan		də		e	ə	dəʀ	ɛfkəs		çəʀɪŋkəl	çlɑs	ʀytəzætəʀ		smitə				t	he			hysə	ɪn	ɪnɛns	ɪs		kʀɛk					lɑtəʀ	kik	kʏmpt	lopə		mʌ	mət	ʋif	nə		nit			ɒf				ɔp	pakə	pəlisi		ʀyt	ʀytə		fliçədəʀyt		kʏm	kɛi	stɪl	stʀʌt		tə			fɑ		fʀʏx	ʋif		sə	syt
Oude Niedorp	ɑn	pl̴isi	ɑʃ	ɑlətwɑi	wʏl	bɑi	bœytə	dæ	dɛn	dɑ	də	dʏr	in	ə	ɛr	ɛfis	ɛkstra	xərɪŋkəl	xl̴ɑs	xlɑʃɛtər	xut	χʊiə				ət	i	huk	hʌuə	hayzə	ɪn	ɔpɪs	ɪs	jɒxi	nɛt	klɑin	klɪŋk		krɑixə	l̴ɛitər	kɑikt				mɑr	mɛt		nai	nɛt	nit			ɒf			ouk	ɔp	pɑkə	pl̴isi	repərɪrə	ram	ramə	sɑmə	xanstɪk		kɔm	stɪ	stɪl	strɛit	strɛitə		tɑit	tufɑləx	fɑn		fraxt	frɑu	wʏl	zə	sit
Overijse	ɔn	açænt	ɛs	ɑlətwi	bəslœt		bʊətə	de	dæn	dɑ	dən	dœy		nə	əʀ	əbeikə		lɑwɑit	çlɑs	çlʊzəmʊkəʀ	çʏd	smæitə				t	m	uk	havə		in	ɪneinəki	ɪs	mænəkə	ʒyst	klan		kœʀtən		lʊtəʀ	lɛt	kɔmt			mɔʀ	mæt	fʀɑ		ʒyst	ni	nɑ	na	dɑt	fɑn	çilfɑnhæʀəndʏu		ɔp	pakə	açɛnt	ʀepɑʀɛʀən	ʀʊət	ʀʊətə		snøfələ	stun	stɑpt	stin	stɪləkəs	stʀɔt	stʀʊtə	t	tæt	lykə		fɶl	fʀʊçt	fʀɑ	wɪl	zə	zet
Pannerden	ɑn	plisi		ɑləbæi	bəslyt	bei	bytə	dæ	dɑn	dɑ	də		en	ən	dər	ɛkəs	ækstra	çərɪŋkəl	çlɑs	çlɑsætər	çut	çʊiə	hei	hɪl		ət	i	huk	hɒldə	hys	ɪn	ɪnɛns	ɪs	kɛljə	nɛt	klɛin	klɪŋk	kɒrtə	kʀiçə	lɒtər			lopə		mɑr	mæt	frɑu	nə	næt	nit		nɑ	ɒf		fɑslɑç	ok	ɔp	pak	plisi	makə	ryt	rytə	samm	snøfələ		trɛit	kɛi	stɪl	strʌt		tə	tit	tufɑləç	fan	føl	frœç	frɑu	wɛl	zə	zit
Poperinge	ɑn	hɑrdə	ɑt	ɒlətwiə	ɪsfɑnplɑn	bi	bytn		tʊn		də	dʏr	ɪn	ə	dər	əmænt			hlɑs	hlɒzənir		smitn				t	m	uk	ɯn	yzn	ɛn	ɔməkiɻ	ɪs	fæncə	jyst	klin				lɒtər	læt	pɑsɪrt			mʌr	bɪ	frɒmɛs	nɒ	ʃystə	ni		n	ɒfdɑt	ɔm	fɑntfəsχɒt		ɔp	pɑkŋ	hɑrdə	fəmɒkŋ	rytə	rytn	təhɒrə			kɔmt	stɪn	stɪl	strʌtə	strɒtn	t			fan		frɔχt	frɒmɛs	ɪʃvanplɑn	sə	sit
Reeuwijk	an	axɛnt		ʌləbai	bəslʌyt	bɑi	bœytə	da	dɑn	də	də	dʊr	ein	ə	ə	eifə	ɛkstrə	xərɪŋkəl	xlɑs	xlʌsɛtər	xɯt	xʊiə	hei	heil	hɛm	hɛt	i	hɯk	hɑudə	hayzə		ɪneins	ɪs	juŋəcə		klɑin	klɪŋkt	kʊrtə	krɑiha	latər	lɛt	loupt	lʌupə	l̴ʏkt	mar	mɛt	frɑu	na	nɛt	nit		ny	ɒf			ək	ɔp	pɑkə	pəlitsiəxɛnt	makə	rayt	raytə	samə	xɛnkəpʊt		stɒpt	stei	rʏstəx	strat		tə	tɑit	tufʌləx	fɑn	føl	fraxt	frɑu	ʋʏl	sə	zit
Rijen		pəliʃə	æs	ɑləbæi	wɪl			dɒ	dɑn	dæ	də	dʏʀ		nə		ɛfkəs			çlɑs			çʊiə				t	i	huk	ɑʀəstɪʀə			ɪnes	ɪs		ɟyst				kʀɛiçə	lʌtəʀ	læt	lɒp	lɒpə			mɪt			syst	ni						ouk	ɔp		fæltwɑçtəʀ		çlɑs	ʀœtə	sʌmm				kɑi	stɪl	stʀɒt									wɛl	zə	zit
Rijkevorsel	ʌn	pəlisi	ɑs		wʏl	bei	batə	də	dɑn	da	də	dʏʀ	ɪ	nə	əʀ	efkəs	ɛkstʀa	çəʀiŋkəl	çlas	çlʌzəmʌkəʀ	çud	çuiə	hei	ɪl	əm	t	m	uk	hauə	œzə	ɪn	ɪnis	ɪs	juŋəskə	ʃyst	klæin	klɪŋk	kœʀtə	kʀɛiə	lʌtəʀ	lɛt	lʏpt	lɯpə	lʏkt	maʀ	mɛt	mɑdɑm	nə	ʃyst	ni	nau	nɑu	ɒf				ɔp	pakə	pəlisi	ʀəpaʀɪʀə	ʀœt	ʀœtə	sɑmə	snøfəln		stɑpt	stɪn	stɪl	stʀʌt	stʀʌtə		tæt	lykə	fan	føl	fʀʌçt	fʀɑɯ	wʏl	zə	sit
Roswinkel	æ	fɛltʋaxtər	az	bɛidə	ɪsfanplan	bi	butn		dan	da	də	dʏr	ɑi	ən	dər	nzɛɟə		xərɪŋkəl	xlas	xlasɛtər	xɑut	xʊin	he		hɛm	t	ər	hɑuk	hɒln	huzn	ɪn	inɑimʊl	ɪs	jɔŋki	nɛt			kœrdə	kriɡŋ	lɒtər		lʌp	loupm	xəlʏkt	mʌr	mɛt	frɑu	na	nɛt	ni	nɑu	nɑu	ɒf		fəsxrɪk	ouk	ɔp	pakŋ	fɛltʋaxtər	klɒrmɒkŋ		rʌmm	xəlik	kɒmmstʏk		kɔmt	stɑinə	stɪl	strʊdə		tə	tit	tufɑlə	fan	føl	frɑx	frɑu	ʋɪl	zə	zʏx
s-Gravenvoeren	a	ʃɑndɑʀm	ɛs	aləbei	bəslyt	bi	butə	də	dɑ	dɑt	də	dʊʀ	ɪn	ənə		əbitʃə		bʀikə	çlas	çlasəniʀkə	çut	bʀuiə		hil	əm	t	hiʀ	hʊk	hɔuə	huzəʀ	i	ɤbɪns	ɪʃ	jʏŋskə	ʃyst	klen	klɪŋkt	kɒʀtə	kʀiçə	latəʀ	lɪt	lʏpt	lɯpə	lʏkt	mɛ	mət	mɑdɑm	nɑ	ʃyz	nɪət		nu	ɒf	fœʀ		oç	ɪ		ʃɑndɑʀm	ʀepɑʀɪʀə	ʀut	ʀutə	təhoupə	fliçənkɑput		kʏmp	ʃte	ʃtɪlə	ʃtʀot		tə	tit	lʏkə	fɑn	fœl	fʀøçt	fʀɔu	wɪl	sə	zit
Sexbierum	ʊn	pəlisi	ɑt	bɑidə	bəslyt	bai	butn	da	dan	dɑt	də	trʊ	ɪ	ən	də	ɛfkəs	ɛkstrə	ɡərɪŋkəl	ɡl̴ɛs	ɡlɛsɛtər	ɡut	ɡʊiə	he		hɛm	ət	ər	hukə	hɒdn	hyzn	in		ɪs	jɔŋkjə	krɛk	lits		kuɑtə	kraiə	lɛtər	lɛt	rɪnt	rɪnn	lʏkt	mɑr	ma	frɑu	nɑi	krɛkt	nɛt			ɒf	ɔm	untdɪn	ɛk	ɔp	pakən	pliʃə	mɑitʃə	ryt	rytn	təɡɛrə	snøfələ		stapt	stɪn	stɪl	strɪtə	strɪtə	tə	tit	tɑfɑləx	fan		freiɡət	frɑu	ʋɔl	zə	ʃʏxt
Sint Annaparochie	ɑn	plisimɑn	ɑt	bɒidə	bəslyt	bai	bytn	dæ	dan	dɑt	də	dʏr	ein	n	dər	eifən		rɛŋkələn	ɡlɑs	ɡlɑsɛtər	ɡut	ɡʊiə			hɛm	ət	i	huk	hɑuən	hyzn	ɪn	ɪneinən	ɪs	jɔŋətsi	krɛkt			kɒrthʏtsi	krɑiən	latər		kɔmt	loupən	sl̴axt	mɑr	mɛt	frɑu	nə	krɛkt	nit	nɑu	nɑu	ɑt	ɔm	heilndɑlfɑnətsɛntrəm	ok	ɔp	pɑkən	plisiman	repərɪrə	ryt	rytn		ɡanstɪkŋ		kɔmd	stein	stɪl	dik	stratn	tə		tufɑləx	fan		fraxt	frɑu	ɪsfandʊl	zə	sit
Sint-Oedenrode	ʌn	plisi	æz	ɑləbæi		bɛ	bœtə	də			də	dʏʀ	ein	ənə	dəʀ	ɛfkəs		çəʀɪŋkəl	çlɑs			çʊiə	hei			t		huk		hœys	ɪn		ɪs		kʀɛkt					lɒtəʀ	lɛt	kʏmp	lopə		mɑʀ	mɪt	fʀɒu	nə	næt	ni			ɒf		fəskotə		ɔp		plisi		çlɑs	ʀɒmə		fliçəkəpɒt		kʏmp	kai	stɪl	stʀɒt					fɑn		fʀɒçt	fʀɒu		zə	zi
Slochteren	æ	plitsi	ɑz	bɑidnt	ʋɪl	bi	butn	dʊ	dən	da		dʏr	ɒin	n	ə	eifkəs		xərɪŋkəl	xlɑs	xlasɛtər		xʊin	hei			t	hɛi	hɑuk	hɒln	huzn	ɪn	inɑinn	ɪs	jɔŋkjə	nɛt	løɟi	klɪŋkt			lɔtər	kikt	lɒp	loupm		mɒr	mɪt	frɑ	nə	nɛt	nait		nɑu	ɒf		fərɑldərɪt	ɤuk	ɔp	pakŋ	plitsi		xlas	rutn		snøfəln		kɔmt	stɑin	stɪl	strʊt			tit	tɑfɑləx	fan		frɑxt	frɑ		zə	zʏx
Sneek	ɑn	pl̴isi	ɑz	ɑləbɛi	bəslyt	bai	bytn	dɛr	dan	dɑt	də	dʏr	ɪ	ə	dər	eifə	ɛkstra	ɡərɪŋkəl	ɡlɑs	ɡlɑsɛtər	ɡud	ɡʊiə			ɔm	ət	i	hukə	hɑuən	hyzn		ɪninn	ɪs	jɔŋkjə	jyst	klɛin		kɒrtə	kræiə	latər	lɛt	loupt	loupm		mɑr	mɛt	frɒu	nɑ	krɛk	nit		nɑu		ɔm	heiləmɑlɪndəʋɑr	ouk	ɔp	pakən	pl̴isi	mɑkə	ram	rytn	təɡarə		stan		stin	stɪl	strat	stratn	tə	tit	tufɑləx	fan		fraxt	frɒu	ʋʏl	zə	sit
Tegelen	an	pəlisi	ɑs	ɑləbæi	bəslyt	bi	butə	dʊ	dan	dat	də	dʊʀ	ein	ənə	dəʀ	ɛfkəs	ækstʀə	çəʀɪŋkəl	çlæs	çlasætəʀ	çut	çuiə	hei	hil	əm	həd	hɪʀ	hut	hæiə	hyzəʀ	ɛn	ʏbɛns	ɪʃ	jʏŋskə	nɛt	klɛin	klɪŋk	kɒʀtə	kʀiçə	latəʀ	læt	lœp	lʌupə	lɶk	maʀ	mæt	fʀɑu	nə	næt	nɪd	nɯ	nʊu	ɒf	œm	çəʃʀʊkə	ok	ɔp	pɑkə	pəlisi	makə	ʀut	ʀutə	samə	ʃnøfəld		kʏm	ʃtɛin	ʃtɪl	ʃtʀot	ʃtʀɔtə	tə	tit	tufɑləç	fɑn	fyl	fʀøç	fʀɑu	wʏlt	zə	syt
Tienen		çɑʀdə		ɒlətwi	wil		bɑtə			dɑ	də		iən	ən	dəʀ	əbɛcə		lɑwɒt	çlɒs	çlɒəzəmakəʀ	çʏɯt	smɛtə		hil		ət		huk	pɑkə	hɑsə		nənins	ɪs							lʊtəʀ		kɔmt	lɤpə		mɒ	bɛ			ʃyst				ɒf				in		çɑrdə	ʀəpaʀɑiʀə	ʀɑt	ʀɑtə		flʏiçədəstɑʀcəfɑnɪn		kɔm	kɑi	stil					l̴ɑkə	fɑn		fʀʊçt	fʀʌ	wil		set
Tilligte	ɑn	plitsi	ɑt	bɪr	bəslʊt	bi	butn	dʊ	dan	dat	də	dʏr	en	nə	ər	ɛfn	ɛkstrʌ	xərɪŋkəl		xlasɛtər	xʊt	smitn	hei		hɛm	t	he	hok	hɒln	hys	ɪn	ɪnens	ɪs	jʏŋskə	nɛt		klɪŋkt	kɒrtn	kriɡŋ	latər	kɪk	lop	lopm	lʏkt	mar	mɛt	frɒu	nə		nɪx	nʊ	nu	ɒf	œm	ɒndɒn		ɔp	pakŋ	plitsiɑxɛnt	makŋ	rut	rutn	samm	snøfəlt		lœp	stɪ	stɪl	strʌt	strɒtn	tə	tit		fan	fœl	frœx	frɔu	ʋʏl	zə	sœt
Uithuizen	æ	plitsi	təʋɑl	bɑidn	beslyt		butn	də		da		dʏr		n	də		ɛkstra				χɑut	xʊin	hei			t	hai	hɑuk	hɒln		in		ɪs	kɪrəlcə	nɛt	løɟə					kikt	kɔmt			mʌr		frɑu	nə	nɛt	nait		nɑu	ɒf	ɔm		ouk	ɔp	pakŋ	pliʃə	mɒkŋ		rutn		xɒnkəpɒət	stʊn	kɔmt	stɑin	stɪl	strʊt		tə	titsbəstɛk	tufɑləx			fraxt	frɑu	ʋɪl	zə	zɪxt
Vaals		pʊlis	wɛn		ɛntʃæitsɪʃ	bɛi	uʃ			dɑt	dəʀ	dʏʀç	e	ənə		ɛfə	ɛkstʀa			jlɑsəʀ		wɪʀpə		jɑns	əm	ət	hɪʀ	ɛk	fəʀhɑftə	hysəʀ	ɪ	plœtsliç	ɪʃ	jʏŋʃə	jʀat			kʊʀtə	kʀiə	dʌnɒə	pɑst	jet	lofə	fluçd		mɪt	fʀɑu	əʀ	çʀat	nɪt		nu	ɒf	œm	fəʃʀɛkt	ɔç	ɔp	pɑkə	pʊlis		ʀut	ʀutə	tsəzamə	jʏntkɑpɒt		kʏmt	ʃte	ʃtɪl	ʃtʀɔəʃ		tsə	tsit		fan	fœl	fʀʊçt	fʀɑu	wɪlt	zə	sit
Veenwouden	ɒ	pliʃəmɑn	ʌt	bɛidə	bəslyt	bei	butn	da	dan	dɑt	də	trʏx	ɪ	ən	dər	ɛfkəs	ɛkstrə	ɡərɪŋkəl	ɡlæs	ɡlæsɛtər	ɡut	smitə			hɪm	ət	ər	hukə	hɒdn	huzn	ɪn	inɛnn	ɪs	jɔŋkjə	krɛk	lits		kuɑtskɔtʃə	kræiə	lɛtər	lɛt	rɛnt	rɪnn	lʏkt	mɑr	mɛi	frɑu	na	krɛkt	nɛt	nɔ	nɑu			fəsxrɪkt	ɛk	ɔp	pakən	pliʃəmʌn		ryt	rytn		rɛitʃəstɪkən		stɑp	stɪn	stɪl	strɪtə	strɪtn	tə		təfɑləx	fan	fɔlə	freihət	frɑu	ʋɔl	sə	ʃyt
Venray	an	plisi	ɑs	ɑləbæi	bəslyt	bɪi	butə	dʊ	dɑn	dʌt	də	dʏʀ	in	ənə	dəʀ	ifkəs	ɛkstʀa	çəʀɪŋkəl	çlɑs	çlɑsɛtəʀ	çut	smite	hei	hil	əm	ət	hei	tɔŋ	hɑldə	hys	in	ɪnɛns	ɪʃ	jʏŋskə	kʀɛk	klɛin	klɪŋk	kɒʀtən	kʀiçə	latəʀ	lɛt	lɒp	lɯəpə	lʏkt	maʀ	mɪt	fʀɒu	nə	kʀɛk	ni	nɑu	nɑu	ɒf	ʏm	ɔndɔn	ouk	ɔp	pɑkə	plisi	ʀepəʀɪrə	ʀyt	ʀytə	samə	snøfələ		stapt	stɪn	ʃtɪl	ʃtʀɒt	ʃtʀɒtə	tə	tit	stæʀk	fɑn	føl	fʀɒçt	fʀɔməs	wʏlt	sə	zit
Veurne		ɑhænt	ɒt	ɒlətwiə	hɒt	bi	bytn	dɒ	tunə	dɑ	də		ɪ	ə	dər	əbecə		χəriŋkəl	hlɑs	rytəmʌkrə	χut	smitn		stɪf		t	m	uk	pɑkŋ	yzn	ɪn	ɒməkɪr	ɪs	juncə	ʒystə	klɪn	kliŋkt			lɒtərə	læt	lɒpt	lopm		mɒr	mæt	frɔmɛs	nɑ	ʒystə	ni			ɒt		ɛndəkɔlɛrə	ok	ɔp	pɑkŋ	pɒliʃə	fəmɑkŋ	rytə	rytn	təhɒrə	brekŋ			stɪ	stɪlə	strʌtə				apɑst	fan		frʌχt	frɔmɛs	wɛlt	sə	zit
Waubach	ɑ	plis	wɛnt	alətwiə	wʏl	bei	butə	dʊ	dan	dɑt	dəʀ	dʏʀ	i	ənə		çæ	ækstʀa	çəʀiŋkəl	çlas	çlɑzənɪʀ	çut	wæʀpə				əd	hɪʀ	ɛk	hʌudə	husəʀ	ɛn	œpɪns	ɪʃ	jʏŋskə	çʀat		klɪŋk	kɒʀtə		latəʀ	pɑst	lʏp	lopə		mɑ	mət	fʀɒu	na	çʀat	nɪt	nə	nu	ɒf		wɪtfəʃʀɛk	ɤuk	ɪ	pɑkə	plis	mɑkə	ʀut	fɛnstəʀə		çɒnkɑpɒt		kʏmt	ʃte	ʃtɪl	ʃtʀɔt	ʃtʀɔtə		tit		fən		fʀʏç	fʀɒu	wɪlt	sə	sit
Wervershoof		pəlisi	æʃ	ɑlətwɑi	wɪl	bɑi	baytə			da		dʏr	i	ə		ɛfis		xərɪŋkəl	xlas	xlasmɛiə	xɯt	xʊiə				hɛt	i	huk	xrɑipə			ɒpis	ɪs	jɔwɪ	nɛt	klɑin				lɑtər	kɑikt	lʌupt	lʌupə		mʌr	mɛt		næ	nɛt	nit					fərskrɪkt	ouk	ɔp	pakən	pəl̴isi	mɑkə	xlas	rɑmə					stin	stɪl	strɛit				stɛrk	fɑn		frʌxt		wʏl	sə	sit
Westkapelle	ɑn	pəlisi	ʌt	ʊləbæi	bəslyt	be	bytn	dər	dɑn	da	də		e	ə		əstaycə		χərɪŋkəl	χlɒs	χlʌsætər	χut	χʊiə				ət	m	uk	ɑun	yzn		ɪnis	ɪs	juŋəcə	nɛt	klæin	klɪŋk	kɒrtə		lætər	læt	loup	lopə		mɑ	mæt	frɑuə	nɛ	næt	ni	ny	nɯ	ɒf	ɔm		ok	ɔp		pəlizi	mækə	rytə	rytn	sæmə	breikən		stɑpt		stɪlə	strætə		t	tit	tufʌləχ	wɑn		fræχt	frɑuə	wʏl		zit
Workum	ʊ	plisi	ʌz	baidə	beslyt	bai	bytn	də	dɛ	dɑt	də	trʏ	ɪn	ən	dər	ɛfkə	ɛkstra	ɡərɪŋkəl	ɡlɛs	ɡlɛsɛtər	ɡut	ɡʊiə	hei			hət	ər	hukə	hɒdn	hyzn	in	ɪnis	ɪs		krɛkt		klɪŋkt	kɒrtskɔfkə	kræiə	lɛtər	lɛt	rɪnt			mɑr	mai	frɑu	nɛi		nɛt		nau		ɔm	sxrɔkən	ɪk	ɔp	pakŋ	pliʃə	mæitʃən	ryt	rytn		snøfələ		kɔmt	stin	stɪl	strɪtə	strʏtə	tə		tufʌləx	fan		freiɡət	frɑu	ʋɔl		ʃɔxt
Zandvliet	ʊp	æçɪn	ɑlz	bædən	bəslɪst		bœtə	dɑ	dan	da	də	dʊr	ɪ	nə	dəʀ	əmbicə		çəriŋkəl	çlas	çlʌzəmʌkər	çu	çʊiə		ɪl		t	hɛi	huk	pakə	hœzə	ɪn		ɪs	fɛncə	ʃyst	klæin			kræçə	lɑtər	kækt	lɒpt	lopə		mʌʀ	mæt	frau	nɑr	ʃyst	ni	nɑu		ɒf	ɔm		ok	ɔp	pakə	pɒlis	mʌkə	rœt	rœtə	sʌmə	brekə		kɔmt	stin	stɪl	strɑt	strɑtə	tə		tufɑləç	fan	føl	fraçt	frau	wyl	zə	zit
Zevenhuizen		pəlisi	ɑz	bɛidn	ʋɪl	bɛi	butn	dʊ	dan	da	də	dʏr	ein		dər	eibm		dɪɣəln	xlas	xlʊzənzɛdər	xut		he		həm	hɛt	ər	huk	pakŋ	hyzn	in	ɪneins	ɪs	jʌŋkjə	nɛt	klɛinə	klɪŋkt	kɒrtoɡŋblɪkjə		lɔtər	kɪkt	lɒp	lʌupm	lʏkt	mər	mɛt	frɑu	nə		nit			ɒf		fərɑldərɪrt	ɤuk	ɔp	pakŋ	plisi	mɒkŋ	ryt	rytn	sɔmm	xɒnandɪxəls	stɒn	stapt		stɪl	strʊt	strʊtn			tufɑləx	fan		frɑxt	frɑu		sə	sɪxt
Zierikzee		pliʃə	ɑt			bi	bytə		dɑn		də	dʏr	ɪ	ən			ækstra	χərɪŋkəl	χlɑs	χlʌsætər	χut					ət	m	uk		yzn	ɪn		ɪs		nɛt	klain		kɒrtə	kriχən		læt	lɒpt		lœkt	mʌr	mæt	frɑuə	nɛ		ni		nu	ɒf		ɔndah		ɔp	pɑkə	plisi	mækə	rytə	rytn	sæmə	snøfələ		stʌp	kai	stɪl				tit	tufɑləχ	fɑn		fræχt	frɑuə		zə	sit
Zwinderen	ɑn			bɛidə			butn	dʌ	dɑn	dɐt	də	dʏr		n				xərɪŋkəl	xlas			xʊin				hɛt	i	huk	hɒln		ɪn	œpis	ɪs	fɛnti	nɛt								lopm		ma	be	frʌuə	hɛn	nɛt					œm		ɤuk	ɔp		plitsi			rutn		xʌtkəpʌt	stɒn	kɔmd	stin	stɪl	strʌt		tə		tufɑləx				frʌə	ʋʏl		zœt