spraaklocatie	het	is	stil	op	de	straat	maar	dan	ineens	klinkt	bij	een	van	de		huizen	het	gerinkel	van	glas	een	vrouw	stapt	ontdaan	naar	buiten	he	dat	is	nou	ook	toevallig	daar	loopt	juist	de	glaszetter	de	mevrouw	vraagt	of	hij	de	ruit	wil	repareren	maar	in	een	korte	tijd	sneuvelen	er	in	de	straat	heel	veel		ruiten	de	politieagent	let	nu	extra	goed	op	als	hij	door	de	straten	loopt	maar	dan	ziet	hij	op	de	hoek	van	de	straat	een	klein	jongetje	staan	het	jongetje	wil	net	met	een	steen	gooien	even	later	ziet	de	politieagent	het	jongetje	samen	met	de	glaszetter	lopen	de	agent	besluit	om	ze	beiden	aan	te	houden	maar	het	lukt	hem	niet	om	ze	te	pakken	te	krijgen
NL Standaard Nederlands	ət	ɪs	stɪl	ɔp		straːt / stʀaːt	mɑ	dan	ɪnɪins	klɪŋkt	bɛi	ein	fɑn	də	hœys	hœyzə	ət	xərɪŋkəl / xəʀɪŋkəl	fɑn	xlɑs	ən	frɑu / fʀɑu	stɑpt	ɔndaːn	naː	bœytə	hei	dɑ	s	nɑu	ouk	tufɑləx	daː	loupt	jœyst	də	xlɑsɛtər / xlɑsɛtəʀ	də	məfrɑu / məfʀɑu	fraːxt / fʀaːxt	ɔf	hɛi	də	rœyt / ʀœyt	ʋʏl	rəparɪːrə / rəpaʀɪːʀə	maːr / maːʀ	ɪn		kɒrtə / kɒʀtə	tɛit	snøːfələ	ɛr / ɛʀ	ɪn	də	straːt / stʀaːt	hɪːl	fɪːl		rœytə / ʀœytə	də	pʊlitsiaxɛnt	lɛt	ny	ɛkstra	xut	ɔp	ɑls	i	dʊːr / dʊːʀ	də	straːtə / stʀaːtə	loupt	mɑr / mɑʀ	dan	sit	i	ɔp	də	huk	fɑn	də	straːt / stʀaːt	ən	klɛin	jɔŋəcə		ət	jɔŋəcə	ʋʏl	nɛt		ən	stein	xoiə	eifə	laːtər / laːtəʀ	sit	də	pʊlitsiaxɛnt	ət	jɔŋəcə	saːmə	mɛt	də	xlɑsɛtər / xlɑsɛtəʀ	loupə	də	axɛnt	bəslœyt	ɔm		bɛidə	aːn	tə	hɑudə	mɑr / mɑʀ	ət	lʏkt	əm	nit		sə	tə	pɑkə	tə	krɛixə / kʀɛixə
BE Standaard Nederlands	ət	ɪs	stɪl	ɔp		strɑːt	mɑr	dɑn	ɪnɪːns	klɪŋk	bɛi	eːn	fɑn	də	hœys	hœyzə	ət	çərɪŋkəl	fɑ	çlʌs	ə	frɑu	stɑpt	ɔndɑːn	nɑr	bœytə	heː	dɑ	s	nɑu	oːk	tufɑləç	daː	loːp	jœyst	də	çlʌsætər	də	məfrɑu	frɑːçt	ɔf	hɛi	də	rœyt	wɪl	repɑrɪːrə	mɑr	ɪn		kɒrtə	tɛit	snøːfələ	ər	ɪn	də	strɑːt	hɪːl	fɪːl		rœytə	də	pʊlisiɑçænt	læt	ny	ɛkstrɑ	çut	ɔp	ɑls	hɛ	dʊːr	də	strɑːtə	loupt	mɑr	dɑn	siːt	hɛi	ɔp	də	huk	fɑn	də	strɑːt	ən	klɛin	jɔŋəcə		t	jɔŋəcə	wʏl	næt		ə	steːn	çoiə	eːfə	lɑːtər	ziːt	də	pʊlisiɑçænt	ət	jɔŋəcə	sɑːmə	mæd	də	çlʌsætər	loupə	də	ɑçænt	bəslœyt	ɔm		bɛidə	ɑːn	tə	hɑudə	mɑr	ət	lʏkt	əm	nit		sə	tə	pɑkə	tə	krɛiçə
Appelscha	hɛd	ɪs	stɪlə	ɔp		strʌːtə			ɪneːnn		bɛi	eːn	fan	də		hysn	hɛt	laʋaːi	fan	xlas	ə	frau	loup	fəbɑuʋərɪːt	nʌ	bytn							dʌː		krɛkt	də	xlasɛtər		frau	frʌːxt	ɒf	i	də	ryt		maːkŋ		ɪn				xʌːnkəpʌt	ɛr	ɪn	də	strʌːtə			ryt	rytn	də	plisi		nɑu		xut		as	i	dʏːr			loupt			sit	i	ɔp	də	hukə	fan	də	strʌːtə	ə		jɒxi	stʌːn			ʋɛl	krɛkt		ən	stiːnə	xʊin	eibmpis	læːtər	sit	də	plisi	hɛt	jɔxi		mɛt	də	xlasɛtər	loupm	də	plisi	ʋɪl		sə	ɑlətʋei	ɑn		hɒln	mar	ət	lɒkt	hɛm	nit		sə	tə			kriɡŋ
Axel	t	ɪs	stɪl	ɪn		strʌːtə	mʌ	dɑn	ɪneːns		bi	ɪːn	fɑn	d		ysn				hlɑːs	ə	frɑuə	kɔm		nɑ	bytn		dɑ	z	nɑu	oːk		də	loːpt	nɛt	də	χlaːsætər	də	frɑuə	frɒːχt	ɒf	ti				mɒːkŋ	mʌr	ɛn		kɒrtn	tit	χɒːnkɑpɒt	dər						rytə	rytn	də	pəlisi	læt	nɒu		χut	ɔp	ɑt	i	dʏːr			loːpt		dɑ	ziːt	i	ɔp		uk	fɑn	də	strʌːtə	ən	klɛin	fɛncə				wɪl	næt		ə	stɪːn	χʊiən	eifə	lʌːtər	ziːt	də	pəlisi		fɛncə	sʌːmm	met		χlaːsætər	loːpm	də	pəlisi	wɪl		zə	ɑləbæi			pɑkŋ	mʌ		lœkt	əm	nɪ						
Budel	t	ɪs	stɪl	ɔp		stʀɒːt		dɑn	ɪnɛns		bi	eːn	fɑn	də		huːzə		çəʀɪŋkəl		çlɒːs	ən	fʀɒu	lʏbd		nə	butə	hei	da	s	nə	oːk	tufɑləç	də	lœpt	jyst		çlɒːsætəʀ	də	fʀɒu	fʀœçt	ɒf	hɛi	də	ʀuːt	wɪl	mɑːkə	mɑʀ	ɪn		kɒʀtə	tiːt	snøfəln	əʀ	ɪn	də	stʀɒːt	hiːl	føːl	ʀut	ʀuːtn	də	plisi	lɛt	nɒu		çu	ɔp	ɑz	ɪ	dʏːʀ			lœpt	mɑ	dɑn	zɪt	hei	ɔp	də	huk	fɑn	də	stʀɒːt							wɪl	næ		nə	kæi	çɒiə	ɛfə	lɒːtəʀ	sɪt	də	plisi	ət	mænəkə		mæt	də	çlɒːsætəʀ	lɯːpə	də	plisi	bəʃlut	œm	zə	ʌləbæi	ɒː̃n	tə	hauə	mɑʀ	hət	lœkt	əm	nɪːt		sə	tə	pɑkə	tə	kʀiɡə
Deerlijk	t	ɛs	stɛl	ɔp		strʌːtə	mər		ɔmənəkɪr	klɪŋkt		eːn	fɑn	d	œs	œizn		rɪŋkəln	fɑn	hlɐs	ə	frəuə	kɔm	fəsχoːtn		bœitn	ɛ	dɑ	mũ	ny		lœkŋ		lœpt	ʒyst		hɐːzəmɒkərə		frəuə	frɑːht	ɒfdɑt	i		rʏtə		fəmɒːkŋ	mər	ɛn	ə	kɒrtn	teit	brɪːkŋ	də	ɛn	də	strʌːtə	vrut	fɪːl		rœːtn	də	pəlisi	læt	nə			œp	ɑt	i	dʏːr	də	strʌːtn	lœpt	mʌ	tɯn	zit	i	œp		ɯk	fɑn	də	strʌːtə	ə	klɛn	fɪncə		t	jɑuncə	wɪl	ʃystə		nə	stɪːn	smæitn	əbeitsə	dərɑxtər	zit		pəlisiɐçænt		fɪncə	tʏpə	mɪt	də	χlɐːzəmʌːkər	lœpm	d	aχæː̃t			z	ɒlətwə			pɑkŋ	mæ				ni		sə				krɛin
Den Burg	ət	ɪs	stɪl	ɔp		strɪːt	mʌ	danʲ	ɪniːnə		bei	iːn	fɑnʲ	də	hys	hyzə	ət	xərɪŋkəl	fɑ	xlɔəs	ən	frɑu	kɔmt	fəsxɪft	nɑ	bytə							dɪːr	loːp	krɛk	də	xlɑːzəmɑːkər	də	frɑu	fraːxt	ɒf	i		xlɔs	wɪl		mʌ					xɑːntəbɒrst	ər	ɪn	də	strɪːt			ryt	rɑːmə	də	pəlisi		nɑu		xut	ɔp	ʌz	i				loːpt			sit	i	ɔp	də	huk	fɑnʲ	də	strɪːt	ən	klɛin	jɒxi		ət	kɪrəlcə	wɪl	nɛt		ən	stiːn	xʊiə	ənhɒrcə	lɑːtər	sit	də	pəlisi		jɒxi	saːmpis	mɪt	də	xlɑːzəmɑːkər	loːpə	də	pəlisi	wɪl		sə	bɛiə			xripə	mʌːr						sə				
Dendermonde	t	ɪs	stɪləkəs	ɔp		strʊːt			ineːnekir			iːn	fɑn	d	ɔz	ɔːzə		lɑwɑit		çlɑs	ən	frɑː	kɔm	ʊː̃hədoːn		bɒœtə	hei	dɑ	mũ			likə		pɑsɪːrt					frɑː	frʊçt	ɒf	hɑi		fɛ̃ĩstər		rəparɪːrə								ɪn	də	strʊːt				fɛ̃ĩstərs		pɒliʃəmɑn	kɪkt			çuːt	ɒət									sit	m	ɔp				də	strʊːt							mɒktɑvɑns			nə	steːn	smætn	ətæːcə	nɐdi	sit		pɒliʃəmɑn			təsʊːmm	mɛt		rəɒtəmɔːkər						zə		ʊːn		hɑːə	mɒr				ni		zə	tə	pɑkə		kræχə
Didam	ət	ɪs	stɪl	ɔp		strɔːt	mɒr	dɑn	inɛns	klɪŋk	bei	eːn	fɑn	də	hys	hyːzə	ət	çərɪŋkəl	fɑn	çlɑs	ə	frɑu	kʏmp	fəsçrɪk	nə	bytə	hɛ	dɑ	z	nə	oːk	tufɑləç	dʊː	lʏp	krɛk	də		də	frɑu	frʏç	ɒf	heː	də	rut	ʋɪl	maːkə	mɒr	ɪn		kɒrtə	tit	snøfələ	dər	ɪn	də	strɒːt	hɪːl	fœːl	rut	rutə	də	plitsi	kik	nɒu	ɛkstra	çut	yt	ɑt	ə				lʏp	mɒr	dɑn	zʏt	ə	ɔp	də	huk	fɑn	də	strɒːt	ə	klɛin	jʏŋskə		hət	jʏŋskə	ʋɪl	nɛt		ən	kɛi	çʊiə	ɛfkəs	laːtər	sʏt	də	plitsi	ət	jʏŋskə	saːmə	mɛt	də		loːpə	də	plitsi	bəslyt	ʏm	zə	ɑləbɛi	aːn	tə	hɒldə	mʌr	hət	lʏk	əm	niːt	œm	zə	tə	pɑkə	tə	kriːçə
Diepenbeek	t	ɪs	stɪl	ɔp		stʀoːdə			ɔpɛns		bɛ	ein	fɑn	də	hɔuz	hœys		ʀiŋkələn	fɑn	çlɒːs	ɛn	fʀəu	kʏmp	hiləçɑnzʏfəʀətuːʀ	nə	bɔːtə								kʏmt			çlɑːzəmɑːkəʀ	də	fʀəu	fʀʏç						mʌːkə	mɑ						ə	ɛn	də	stʀʊːt	hiːl	føːl		ʀʌːtə	də	pəlis	læt	nɒu	ækstʀə	çut	ɔp	ɑs	ə	dʏːʀ			lœpt	mɑ	dɑn	ziːt	əʀ	ɔp	dən	huk	fɑn	də	stʀʊːt	ə		mænəkə				wɪlt	ʒyst		ənə	steːn	çuiə	əbitʃə	lʌːtəʀ	ziːt	də	pəlis	ət	mænəkə	bədeːn			çlɑːzəmɑːkəʀ	loupə	də	pəlis	wil		sə	ɑləbæː	ʌː̃		haːɡə	mɑ				nɪ		zə				kʁɛeçə
Dokkum	ət	ɪs	stɪl	ɔp	ə	straːt	ma	dan	ɪniː̃s									ɡərɪŋkəl		ɡlɑs	ə	frau											də	loupt	krɛk	də		də	frau	fraːxt	ɒf						mɑr	ɪn	ən	kɒrtə	tiːt	snøfələ	dər							rytn	də	plisi	siət			ɡuːt	ɒmmhein	ɑt	ər	dʊr		straːtn	loupt	mɑ	dan	siːt	ər	ɔp	ə	hukə	fan	də	straːt	ə	klɛin	fɪntʃə				sɪl	krɛkt		n	stɪən	ɡʊiə	eifə	l  ̴atər	siːt	də	plisi	ət	jɔŋkjə		mɛd	də	ɡl  ̴asɛtər	lʌupən	də	plisi	bəslyt			bɛidn	aːn	tə	hɑudn					nit			tə	pakŋ		kræiə
Dordrecht	hɛt	ɪs	stɪl									ein	fɑn	də	hœys	hœyzə					ə	ʋɛːf	stɑp		nə	bœːtə	hei					tufɒləx	daːr				hlʌsbuːr	də	frɑu	frɑːxt						mɑːkə						snøfələ	ər							raytə	də	jyt	lɛt	ny		xut	ɔp	ɑls	hɛi	dʊːr	də	straːtə				sit	hɛi	ɔp	də	huk				ən	klɛin			hət	fæncə	wʏl	næt		ə	stein	xʊiə			sin	də	dindər	ət	knaːpi						də	dindər												nit		sə	tə	pɑkə		
Eelde	hət	ɪs	stɪl	ɔp		strʊːt	mʌr		ɪnɑ̃ĩs	klɪŋkt	bi	ɑ̃ĩ	fan	də		huzn		xərɪŋkəl		xlas	n	frɑːu	stap	ɔndɔːn	nə	butn	hei	dɑ	z		ouk	təfɑləx	dʊ	lɒp	nɛt		xlasɛtər			frax	ɒf	hɛi	də	rut	ʋʏl	mɒkŋ	mʌr	ɪn		kœːrdə	tit		dər	ɪn	də	strʊːt				rʊːmm	də	plitsiɑxɛː̃t	lɛt	nɑu	ɛkstrə	xɑut	ɔp	ɑz	ə					mʌr	dan	zʏt	e	ɔp		hɑuk	fən		strʊːt	ə	klain	kɪrli	stɒːn	hət	jɔŋki	ʋʏl	nɛt		n	stɑin	xʊin	eibm	lɔːtər	sʏt			ət	jɔŋki	sɔmm	mɛt	də	xlasɛtər		də	axɛː̃t	ʋɪ		zə	ɑːləbɑi	æː̃		hʌll	mʌr	hət	lʏkt	əm	nait	ɔ̃	zə	tə	pakŋ	tə	kriɡŋ
Ermelo	t	ɪs	stɪl	ɔp		strɔːt	mɛ		ɪneːns	klɪŋkt	bi				hys			xərɑməl		xlɑs	ə	frɑu	kɔmt	fəsxrɪkt	nə	bytn	hei	dɑ	z			tufɑləx		lœp	nɛt		xlʊːzəzɛtər	də	frɑu	fraːxt				ryt	kʏn	maːkə						breikənkəpɒːt	ər						ryt	rytn	də	dindər	kikt			xut	yt	ɑs	i	dʏːr			lœpt		dɑn	zit	i	ɔp	də	huk	fɑn	də	strʊːt	ə	klɛin	jɔŋəcə				ʋɪl	nɛt		ən	kɛi	xʊiən	ɛfə	lɒːtər	zit	də	dindər	hət	jɔŋəcə		mɛt	də	xlʊːzəzɛtər	rœnn	də	dindər								mɑr				nit		zə				krixə
Eys	hɛd	ɪʃ	ʃtɛl	ɔp		wɛç	mɑ	dan	ɪnɛns		bei	ein	fən		huːs	huːzəʀ		çəʀɪŋkəl	fa	çlɑːs	en	fʀɒu	kʏmt	əntsæːt	nə	buːtə	hɛ	dɑt	ɛz		ouç	tufɑləç	də	çeːt	jyst	də	çlɑːsætəʀ	də	fʀɒu	fʀʊːçt	ɒf	hɛ		ʀuːt	wʏlt	mʌːkə	maʀ				tiːt	ʃnøfələ		ɪn		stʀɔət	hiːl	fœːl	ʀut	ʀuːtə	də	blɑuə	lɛt	nu	ɛkstʀə	çut	ɔp	wɛnt	hɪːʀ	dœʀç			lʏpt	mɑ	dɑ	ziːt	hɪːʀ	ɔp		ɛk	fan		stʀɒːt	e	klɛn	jʏŋskə		hət	jʏŋskə	wɪlt	çʀaːt	mæd	ənə	ʃteː	bʀʏiə	æfə	spiːdəʀ	siːt	dəʀ	pʊlis	ət	jʏŋskə	sɑːmə	mæt	dəʀ	çlɑsætəʀ		dəʀ	pəlis		œm	zə		ɑː	tə	hɒdə	mɑʀ	ət	lœkt	əm	nɪt	œm	zə	tə			kʀiçə
Finsterwolde	t	ɪs	stɪl	ɔp		strʊːtə	mɒr		ɪnɒ̃ĩs	klɪŋkt		ɒ̃ĩ	fɑn	də	huz	huzn		xərɪŋkəl	fɑn	xl  ̴as	ə	frɑːu	ʂtapt	ɔndɔːn	nʊ	butn	hei	da	z	nɑu	ouk	təfɑləx	dʊ	lɒp	nɛt	də	xlʊːzənzɛdər	də	frɑːu	frɑxt	ɒf	hɑi	də	rutə	ʋʏl	repɑrɪːrn	mɒr					snøfəln	ər	ɪn	t	strʊːtə			rutə	rutn	də	plitsiɑxɛnt	lɛt	nɒ̃		xɑut	ɔp	az	ɛ	dʏːr	də	strʊːtn	lʌpt	mɒr	dɛn	sʏxt	hɛi	ɔp	d	hɑukə	fɑn	t	strʊːtə	n	løcə				jʌŋkjə	ʋɪl	nɛd		n	stɑinə	xʊin	eibm	lʊːtər	sʏxt	də	pəlitsi	t	jɔŋkjə	sʊmm	mɛt	də	xlʊːznzɛdər	loupm	də	plitsi	bəslʊt	ɔm		bɑidə	æː̃	tə	hʊːdn	mʌr	ət	lːʏkt	hɒm	nɑit	ɔm	zə	tə	pakŋ	tə	kriɡŋ
Gavere	t	ɑs	stil	in		strʊitə	mʌr	tʊːs	ɔmɛnəkir	klɪŋkt		inə	fɑn	d	œːz	œːzn		həklætər	fɑn	xlʊːs	ə	frɑːu	kɔmt	ɑː̃nhəsleːn	nə	bœːtn		dɑ	mu			lʏkŋ		lœpt	ʃyst	də	χlʊːzəmʊːkər		mɑdɑm	frʊːχt	ɒfdɒt	i		rœːtə	wɛl	rɪpərɪːrn	mʌr	ɛn		kœrtn	teːt	snøfələn	dər	ɛn	də	strʊːtə	vriː			rœːtn	də	pulisimʌn	læt			χu	ɔp	ʊst	i	dʏːr			lœpt	mʌr	tʊːs	zit	i	ɔp		uk	fɑn	də	strʊitə	ə	klɛːn	jʊːəcə		t	jʊːncə	wɛl	ʃyst		nə	stiːn	smetn	becə	lɔːtrə	zit	də	pulisimʌn	t	jʊːncə	tyːpə	mɪt	də	çlʊːzəmɔːkər	løpm	dən	ɑχænt	bəslɪt	ɔm	s	ɒlətwiə		t	ɑræstɪːrn	mɔr	t	lœkt	ɛm	ni	ɔm	zə	tə	pʌkŋ	tə	kreːn
Geraardsbergen	t	ɛs	stɪl	ɔp		strɔːtə			ɑmənəkir			eːnə	fɑn	d	hœːs	œːzn				χlɑs	ə	fraːu	stɑpt	fɑnhʏːrɤːt		bœːtn		dɑ	wɪl	naː		lʏkən	də	lʏpt	ʒyst		xlʊːzəmʊːkər		fraːu	frʊːxt	ɒfdɑt	m		rœːtə		repɑrɪːrn	mɒr							ɪn		strɔːtə				rœːtn	də	ʒɑmpætər						ɑst	m	døːr			lʏpt	mɒr	tys	sit	ɛ	ɔp	dən	uk	fɑn	də	strʊːtə	ə	klæːn	mɑnəkə			kɑdeikən	wɪl	ʃyst	mæt	ə	stɪː	smætn	wɑ	nɑrdin	sit	də	ʒɑmpætər		mɑnəkən	sʊːmm	mæt		χlʊːzəmʊːkər	lɤupən	də	ʒɑmpætər	wɪl		dər	ʌlətwɪə	ʊːn		hɑːn	mɒr				ni		zə		pɑkən		
Grijpskerk	t	ɪs	stɪl	ɔp		strʊːt	mɒ	dan	ɪnẽĩs	klɪŋk	bɛi	ein	fan	də		hysn	t	rɪŋkəln	fan	xlas	n	frɑu	kɔmt		nə	bytn							dʊː	loupt	krɛk	də	xlasɛtər	də	frɑu	frʊːxt	ɒf	hɛi			ʋʏl	mɒːkŋ	mɒr	ɪn		kɒrtə	tit	snøfəln		in		strʊːt		føːl		rytn	də	pəlitsiman	lɛt	nau	ɛkstrə	xud	ɔp	as	hɛi	dʏːr	də	strʊːtn	loupt	mɒr	dan	sɪxt	hɛi	ɔp						ən	klɛin	jɔŋkjə	stɒːn	t	jɔŋkjə	ʋʏl	nɛt		n	stiː̃	xʊin	eibm	lɔːtər	sɪxt	də	pəlitsiman	ət	jɔŋkjə	sɔmm	mɛt	də	xlasɛtər		də	pəlitsi	ʋɪl		sə	bɛidn			pakŋ	mɒr	t	lʏkt	hɪm	nit	ɔm	zə	tə	pɑkŋ	tə	kriɡŋ
Groenlo	t	ɪs	stɪlə	ɔp		stʀʌːtə	mɔr		ɪnɛns		bi	eː̃	fan	də	hus	hyzəʀ		xəʀɪŋkəl	fan	xlas		fʀɑuə	kʏmp	fəʀɑldərɪʀt	nə	butn	hɪː			nə	oːk	tufɑləx	d	lœp	nɛt		xlasɛtəʀ	də	fʀɑuə	fʀʏx	ɒf	hɪː	də	ʀutə	ʋɪl	ʀepɑʀɪːʀn	mɔr	ɪn		kɒʀtn	tit	xɒːtəʀɑn	ə	ɪn	də	stʀʌːtə			ʀutə	ʀutn	də	ʋɑut	lɛt	nɒ	ɛkstʀa	xud	ɔp	ɑs	i	dʏːʀ	də	stʀʌːtn	lœp	mə	dan	sœt	he			hoːk	fan	də	stʀʌːtə	ən	klɛin	jʏŋskə		ət	jʏŋskə	ʋʏl	nɛt		nə	kɛi	smitn	nhɒtə	laːtəʀ	sœt	də	ʋɑut	ət	jʏŋskə	saːmm	mɛt	də	xlasɛtəʀ	loːpən	də	ʋɑut	bəslœts	ɔm	zə	bɛidə	ɑn	tə	hɒln	mɒʀ	ət	lʏkt	əm	neit		sə	tə	pakən	tə	kʀɪːxən
Grolloo	t	ɪs	stɪl	ɔp		strʌːt	mɑ	dan	ɔpiː̃s		bɛi	iː̃	fan	də	hus	husn		xərɪŋkəl		xlas		frɑuspəsɔː̃	kɔmt	fərɑldərɪːt	ɛ̃	butn		da	s		ɤuk		dɒː	lɒp	jyst	də	xlasɛdər	də	frɑu	fraːx	ɒf	hi	də	rut	wʏl	mɑːkŋ	mɑ	ɪn		kœrdə	tit	snøfəlt	ər	ɪn	də	strʌːt	hiːl		rut	rutn	də	plitsi	lɛt	nɑu		xud	ɔp	ɑz	ə	dʏːr	də	strʌːtn	lʌp	mɑ	dan	zœt	i	ɔp	də	huk	fan	də	strʌːt	n	klɛin	jɔŋki		ət	jɔŋki	wʏl	nɛt		n	stiː̃	smitn	eːbmpis	lʌːtər	zœt	də	plitsi	hət	jɔŋki		mɛt	də	xlasɛdər	loːpm	də	plisi	bəslœt	œm		bɛidə	ɑn	tə	hɒːln	mɑr	ət	lʏk		nit	œm	sə	tə			
Grouw	ət	ɪs	stɪl	ɔp		strɪtə	mɑ	dan	ijɪnn		bei	ɪː̃	fan	də	huːs	hysn	ət		fan	ɡlɛːs	ə	frau	stapt	tixəskrɒkŋ	nɑi	butn		dɑt	ɪs		ɛk	təfɑləx	da	rɪnt			ɡlɛːsɛtər	də	frau	freixət	dɑt	hɛi	ət	ryt	ʋɒl	mɑitʃə	mɑr	ɪn		kuɑtskɔfkə			ər	ɪn	də	strɪtə			ryt	rytn	də	pliʃə					əp									ʃɔxt	hɛi	ɔp	ə	hukə	fan	də	strɪtə	ə		jɔŋkjə		ət	jɔŋkjə	zɪl	krɛkt		ən	stɪːn	smitə	ɛfkəs	lɛtər	ʃɔxt	də	pliʃə	ət	jɔŋkjə	təɡɛrə	ma	də	ɡlɛːsɛtər	rɪnn	də	pliʃə	bəslyt	ɔm	harn	ɑlətʋaː	ʊːn	tə	hɒːdn	ma				nɛt	ɔm	harn	tə	pakə	tə	kræiə
Heerewaarden	t	ɪs	stɪl	ɔp		stʀʌːt	mɑ	dɑn	nɪːns	klɪŋkt	bɛi				hays			çəʀɪŋkəl		çlɑs	ə	fʀɑu	stapt	oufəstyː	na	bœytə	hei	dæ	s		ouk	tufaləç	dɒː	loup	nɛt	də	çlasætəʀ	də	fʀɑu	fʀʌːçt	ɒf	i	də	ʀayt	wɪl	maːkə	ma					çɒːnkəpɒt	də								də	plisi	kɛk	nɑu	ækstʀa	çud	ɑɯt	æs	i	dʏːʀ	də	stʀɒːtə	lɒpt	mɑ	dɑn	zit	i	ɔp	dən	huk	fɑn	də	stʀɒːt	ə	klæːn	mænəkə		ət	mænəkə	wɪl	næt		ənə	steːn	çʊiə	ɛfkəs	lʌːtəʀ	sit	də	plisi	ət	mænəkə	saːmə	mɪt	də	çlɑsɛtəʀ	loupə	də	plisi	bəslœt	ɔm	zə	bæi	ʌː̃	tə	haːuə	mɑʀ	ət	lʏkt	əm	ni		sə	tə			
Hoeven	t	ɪs	stɪl	ɔp		stʀʌːt	mɑʀ		ənɪː̃s	klɪŋkt	bɛi	ɪːn	fan	d	œys	œyzə		çəʀɪŋkəl	fa	çlas	ən	fʀɑu	stɑpt	ɑː̃çədɑːn	nə	bœytə	hei						dʌ	loup	jyst		çlɑsætəʀ	də	fʀɑu	fʀʌːçt	ɒf	ti	də	ʀœyt	wʏl	mʌːkə	maʀ					snøfələ	dər	ɪn	də	stʀʌːt	hiːl	fʏl		ʀœytə	də	plisi	kɛk	nɑu		çud	œːt	ɑt	i	dʏːʀ	də	stʀʌːtə	loupt	mɑ	dɑn	zid	i	ɔp	dən	uk	fan	də	stʀʌːt	ə	klɛin	mɑnəkə		ət	mɑnəkə	wʏl	næt		nə	steːn	çuiə	ɛfə	lʌːtəʀ	sit	də	plisiəçænt	ət	mɑnəkə		mæt	də	çlɑsætəʀ	lɤupə	dən	açænt	bəslœt	ɔm	zə	ɑləbæi	ɑː̃	t	hɑuə	maʀ	t	lʏkt	əm	ni	ɔm	zə	tə	pakə		
Hollum	ɪt	ɪs	rʏstəx	ɪn		lʊːn	mɑr		ənɪːnn		bɛi	ɪːn	fan	də	hys	hyːzn						frɒuspəsɔː̃	kɔmd	oufəstyː	nə	bytn										də	ɡlɑːjiəsɛtər	də	frɒu	fraːɡt	ɒf	hɛi		ɡlɑs	ʋɪl	maːkə	mar	ɪn			bəstɛk	snøfələ	ər	ɪn		lʊːn	hʏːl	fʏːl		xlaːzn	də	pliʃə				ɡuːt		az	i	dʏːr	də		loupt	ma	da	siːd		ɔp	ə	huk	fan		lʊːn	ə	klɛin	jɔː̃əcə				ʋɪl	krɛkt		ə	stɪːn	smitə	eːfə	laːtər	siːt	də	pliʃə			təxaːrə				loupən	də	pliʃə	ʋʏl		sə		ɑn		hɑuə	maːr				niːt		sə	tə	pakŋ		
Horn	hɛt	ɪʃ	ʃtɪl	ɛn		ʃtʀɒːt	mɑ	dɑn	ɔpɛns	klɪŋkt	bi	ein	fɑn	də	huːs	huzəʀ		çəʀɪŋkəl	fɑn	çlaːs	ən	fʀɒu	ʃtɑpt	çəʃʀʊkə	nɑ	buːtə	hei	dat	ɛz	nɯ		təfɑləç	dʌː	lœpt	kʀɛk	də	çlaːsætəʀ	də	fʀɒu	fʀʏːçt	ɒf	hɛi	də	ʀuːt	wʏlt	maːkə	mæʀ	ɛn	ɛinə	kɒʀtə	tiːt	ʃnøfələ		ɛn	də	ʃtʀɒːt	hiːl	fœːl	ʀut	ʀuːtə	də	pliʃəmɑn	læt	ny	ækstʀə	çʊt	ɔp	ɑs	təʀ	dʊːʀ	də	ʃtʀɒːtə	lœpt	mɑ	dɑn	zyːt	hɛ	ɔp	ə	hʊːk	fʌn	də	ʃtʀɒːt	ɛn	klen	mænkə		hət	jʏŋskə	wɪlt	næt		ənə	ʃteːn	çʊiə	ɛfə	laːtəʀ	zyːt	də	plis		jʏŋskə	saːmə	mæt	də	çlaːsætəʀ	lʌupə	də	plis	bəʃlyt	ɔm	zə	ɑləbæi	aːn	tə	hɒiə	mɑʀ	ət	lœkt	əm	nɪt		zə	tə	pɑkə	tə	kʀiçə
Houthulst	t	ɪs	stɪl	ɪn		strɔːtə			ɔməkɪr			eːn	fɑn	d	ys	yzn				hlɑs		frɔumɛː̃s	kɔmt	dʊːtfəsχoːtn	nɔ	bytn							dʊː	lɔp	ɟystə	də	rytəfəmʌːkər		mɑdam	frʌːχt	ɒfdɑt	m	də	rytə	wɛlt	fəmʌːkŋ	mʌ	ɛn		hɪː̃	tɪt	hɒːnkʌpɔt	dər	ɛn	də	strɔːtə			rytə	rytn	də	pəlisi	læt	ny		hud	œp	ɒst	m	dʏːr			lɒpt	mɒ	tun	ziːt	m	ɔp		uk	fʌ	də	strɒːtə	ə	klɪːn	fɛncə			fæncə	wɛlt	ʒyst		ə	stɪː̃	smitn	əbecə	lʌtər	ziːt	n	ɑχɛnt			təhɒːrə	mæt	də	rytəfəmʌːkər	loːpm	n	ɑχɛnt	bəslyt	ɔm	zə	ʊlətweːə	ɑn	t	un	mɒ				ni		sə		pɑkŋ		
Huizen	t	ɪs	stɪl	ɔp		strɪːt	mɑr	danʲ	ɪnɪːnn	klɪŋkt	bɛi	ɪːn	fanʲ		hœys	hœyzən		xərɪŋkəl		xlas		fraumɪns	kɔmt	stɪkbədyːst	nɪ	bœytn		da	z	na	oːk	tufɑləx	dɪːr	loːp	nɛt	də	xlasɛtər			frʌːxt	ɒf	tei	də	rœyt	ʋʏl	mʌːkə	mɑr	ɪn		kɒrtə	tɛit	xɪnkəpɔt	dər	ɪn	də	strɪːt	hɪːl	fyːl		rœytə	də	plisi	lɛt	nɑu		xut	ɔp	ɑs	ti	dʏːr	də	strɪːtn	loːpt	mar	danʲ	sit	i	ɔp	də	huk	fanʲ	də	strɪːt	ən	klɑin	juəncə		t	juəncə	ʋʏl	nɛt		ə	stɪː̃	xʊiən	ɛfə	lɑːtər	zit	də	plisi	t	jʊːncə	sɑːmə	mut	də	xlasɛtər	loːpm	də	plisi	ʋʏl		zə	ɑləbai	ɑnʲ		hɑuən	mar	t	lʏkt	əm	næit		sə	tə	pakə	tə	krɛia
IJmuiden	hɛt	ɪʃ	stɪl	ɔp		straːt	ma	danʲ	ɪnẽĩʃ		bɛi	ẽĩ	fɑn	də		hayʃə		xərɪŋkəl		xlɒʃ	ə	frɑu	stɑpt		na	baytə	hei	dɑt	s		ouk	tufɒləx				də	xlʌsɪtər		məfrɑu							maːkə	maːr					snøfələ	ɛr							raːmə	də	plitsi	kɛikt	ny			ayt							mar		sid	ə							ə		fɪncə		hɛt	jɔŋəcə	ʋʏl	nɛt		ə	stei	xʊiə	eifə	laːtər	sit	də	plitsixɪnt	hɛt	jɔŋəcə	sæːmm	mɪt	də	xlʌʃɪtər	loupə	də	axɪnt								maːr				nit		sə	tə	pɑkə		
IJsselmuiden	hɛd	ɪs	stɪl	ɔp		stʀɒːtə	mɑ	dɑn	ɪneːnkɪʀ	klɪŋkt	bei	eː̃	fɑn	də	hys	hyzn		xəʀɪŋkəl			ə	fʀɒuə	lœp	əsxʀœkŋ	nɔ	bytn		dɑ	s	nʊ	oːk	tufɑləx	dɑː	lœp	jyst	də	xlɑsɛtəʀ	də	fʀɒuə	fʀœx	ɒf	i	də	ʀytə	ʋʏl	maːkŋ	ma	ɪn		kœʀtə	tit		dəʀ	ɪn	də	stʀɒːtə			ʀytə	ʀytn	də	plisi	læt	nɒu	ɛkstʀa	xud	ɔp	ɑs	i	dʏːʀ			lœp	ma	dən	zit	i	ɔp	də	huk	fɑn	də	stʀɒːtə	əin	klɛin	jɒxi		t	jɒxi	ʋɪl	nɛd		ə	stɪː	xʊin	əpoːsi	laːtəʀ	sit	də	plisi	t	jɒxi	saːmm	mɛt	də	xlɑsɛtəʀ	loːpm	də	plisi	bəslœt	œm	hœn	bɛidn	ɑn	tə	hɒln	ma	t	lʏkt	əm	nit		sə	tə	pɑkŋ	tə	kʀiːɡŋ
Itegem	hɛt	ɪs	stɪl	ɔp		strɒːt			ɪnɪː̃s				fɑn	də		hɒəsə						frau		fərsçʌːtə		bɒətə		dɑt	wil			lykə	dʌ	lœpt		də	çlʊːzəmʊːkər	də	frau	frʊːçt	ɒf	hɛi		rœːt	wil		mɒ	ɪn	ə	kœtn	tæːt			ɪn	də	strɑːt				rɑːtə	də	çɑrdə				çɯ		ɑs	hɛ	dʏːr			lœp			siː	hɛ	ɔp	dən	hɯk	fɑn	də	strʌːt	ə		fɛŋkə	stɒːn	hət	fɛ̃ŋkə	wɪl	ʒyst		nə	stɪːn	smæːtə	əbekə	lɒːtər	ziː	də	çɑrdə	ət	feŋkə		mɛt	də	çlɔːzəmɔːkər	lɤːpə	də	çɑrdə	bəslœt		sə	ɑləbaː	ʊːn	tə	hæːvə					nɪ		zə		pɑkə		
Jubbega	ət	ɪs	stɪl	ɔp		dik			ɔpɪː̃s	kleŋkt	bai	ɪː̃	fan	də		huzn		ɡəreŋkəl		ɡlæːs		frɑməs	stapt	ustjuːr	na	butn		dɑ	s	nau	ɛk	tufɑləx	də	rɛnt	krɛk		ɡlɛːsɛtər	də	frau	freiɡət	ɒft	hɛi		ɡlaːs	ʋɒl	mɑitʃə	mɑr	ɪn		kuɑtə	tit	snøfələ	ər	ɪn	də	strɪtə				ɡlaːzn	də	pəliʃə	lɛt	nɒu	ɛkstrə	ɡuːd	ɔp	ɑz	hɛi	trʊ	də	strɪtə	rɪnt		dan	ʃɔxt	hɛi	ɔp	ə	hukə	fan	də	strɪtə	ən	lits	jɔŋkjə	stɪːn	ət	jɔŋkjə	ʋɔl	krɛkt		ən	stɛː̃	ɡʊiə	ɛfkəs	lɛtər	ʒɔxt	də	pəliziman	hɛt	jɔŋkjə	təjɛrə	mai	də	ɡlɛːsɛtər	rɪnn	də	pəlɪʃəmɑn	bəslyt	ɔm	də	bɑidə	ɑːn	tə	hɒːdn	mʌr	ət	lʏkt		nɛt		zə	tə	pɑkŋ	tə	krãĩ
Kampen	ət	ɪs	stɪlə	ɔp	də	stʀɒːtə	ma	dɑn	ɪneːns	klɪŋkt	bei	eːnə	fɑn	də	hys	hyzn		xəʀɪŋkəl		xlɑs	ən	fʀɒuə	stɒpt	ɔntdɔːn	nɔ	bytn	heː	dɛ	s	nə	oːk	tufɑləx	dʊː	lœp	jyst	də	ʀytnzɛdəʀ	də	fʀɒuə	fʀœx	ɒf	i	də	ʀytə	ʋʏl	maːkŋ	ma	ɪn		kɒʀtə	tit	snøfələn	dəʀ	ɪn	də	stʀɒːtə	iːl	føːlə	ʀytə	ʀytn	də	plisiæxɛnt	kɪk	nɒu	ɛkstʀa	xut	yt	ɑz	i	dʏːʀ	də	stʀɒːtn	lœp		dɑn	zit	i	ɔp	ən	huk	fɑn	də	stʀɒːtə	ən	klɛin	jɔnxi		ət	jɔnxi	ʋɪl	nɛt	mɛt	ən	kɛiə	xʊin	iːbm	laːtəʀ	sit	də	plisiəxɛnt	hət	jɔnxi	saːmm	mɛt	də	ʀytnzɛdəʀ	loːpm	də	ɑxɛnt	bəslœt	ʏm	zə	ɑləbɛi	ɑn	tə	ɒln	maʀ	ət	lʏkt	əm	nit	œm	zə	tə	pɑkŋ	tə	kʀiɡŋ
Kerkrade	əd	ɪʃ	ʃtɛl	ɔp		ʃtʀɔəʃ	mɑʀ	dan	ɪnɛns	kleŋkt	bei	eːn	fɑn	də	huːs	huːzəʀ		jəʀiŋkəl	fɑ	jlaːs	ɪn	fʀʌu	kʏmt	jɑnsʊpjəʀɪçt	əʀ	uːs		dɑt	ɪs		oːç	soufɛləç	dʊː	løːft	jʀaːt		mɑː̃ndɛʀʀuːtəɪnsætst	də	fʀʌu	fʀʊːçt	ɒf	hɛ		ʀuːt	wɛl		ævəl	ɪ		kʊʀtə	tsiːt	ʃnøfələ		ɪn	də	ʃtʀɔəʃ	jɑns	fʏːl	ʀut	ʀuːtə	də	pʊlis	pɑːst	nun	ɛkstʀə	jʊt	ɔp	wɛnt	hɪːʀ	dœʀç	də	ʃtʀɔəsə	løːft	ævəl	dan	ziːt	hɪːʀ	ɔp		ɛk	fan	də	ʃtʀɔəʃ	ə	klɪn	jʏŋʃə		ət	jʏŋʃə	wɛlt	jʀaːt		nə	ʃteː	wæʀpə	ɛfə	ʃpiːdəʀ	ziːt	dəʀ	pʊlis	ət	jʏŋʃə	təzaːmə	mɪt	dəʀ	jlaːskɪəl	loːfə	dəʀ	pʊlis	næmtsiçfyːʀ	œm	sə	ɑlətswai	aː	tsə	hʊːdə	ævəl				nɪt	œm	zə	tə			
Koekange	t	ɪs	stɪl	ɔp		strʌːdə	ma	dan	niː̃s		bei	iːnə	fan	də	hys	hyːzn		xərɪŋkəl	fan	xlas	ə	frɑuə	kʌ̃mt	xəsxrœkŋ	nɑ	bytn	heː	da	z	nau		tufɑləx	dɑː	lʌp	nɛt	də	xlasɛdər	də	frɑuə	frɑx	ɒf	hɛi	də	rudə	wɪl	maːkŋ	mar	ɪn		kɒrdə	tit	snøfəld	dər	ɪn	də	strʌːdə	hɪːl	føːlə	rudə	rudə	də	plɪtsi				xut		az	i	dʏːr			lœp	ma	dan	sit	he	ɔp	də	hɯk	fɑn	də	strʌːdə	ən	klɛin	jɒ̃xi			jɒ̃xi	wɛl	nɛd		n	stiː	xʊin	ɪːbm	læːtər	sɛt	də	plisi	hɛt	jɒ̃xi	saːmm	mɛt	də	xlasɛdər	loːpm	də	plisi	bəslœt	œm	zə	ɑləbɛi	an	t	hɒln	mar	ət	lœkt	əm	nit	œm	zə	tə	pakŋ	tə	kriɡŋ
Kudelstaart	hɛt	ɪs	ʃtɪl	ɔp		ʋɛx	mɑr		plɔtsəlɪŋ											xlɑs		fraːu										tufʌləx	daːr	kɔmt			xlʌsɛtər	də	fraːu	fraːht	ɒf	hɛi	də	rayt		maːkə	mɑr					breikə	ɛr	ɪn	də	straːt				rœytə	də	pəlitsi	lɛt			xut	ɔp	ɑls	hɛi	dʊːr			loupt	mɑr		sit	hɛi	ɔp	də	huk				ən	klɑin	fɛncə				ʋɪl		mɛd	ə	stein	hʊiə	eifə	laːtər	zit	də	pəlitsi	hɛt	kɪrəlcə		bɛi	də	xlɑsɛtər		d	axɛ̃nt	ʋɪl			bɛidə	aːn		hɑudə	mɑr		lœkt		nit						
Laren	hɛt	ɪs	stɪl	ɔp	də	strʌːtə			ɔpɛns		bi	eːn	fa	də	hys	hyːzə					ə	frʌuə	kʏmp	hɪːləmɔɒːfəstʏːr	nɑ	bytn		dɑ	z		ɤuk	tufɑləx	dɒː	lœp	nɛt		rutnzɛtər	də	frʌuə	frœx	ɒf	hɛi	də	rutə	ʋʏlt	maːkŋ	mʌr	ɪn			zɛːt	xɒːtkəpɔət	ər	ɪn	də				rutə	rutn	də	plytsi			ɛkstra		ɔp	ɑs		dʏːr			loːpt			zʏt								ən		jʏŋskə				ʋʏl		mɛd	ə	kɛi	xʊin	ɛfkəs	dənʌː	sʏt	də	plytsikɪəl	ət	jʏŋskə		mɛt		xlasɛtər	loːpm										mʌr	hət	lʏkt	həm	nɪt	œm	zə	tə	pakŋ	tə	kriɡŋ
Leersum	hɛt	ɪs	stɛl	ɔp		ʋɛç				klɪŋkt	bɛi							çərɪŋkəl		çlas		frau	stapt	ɔndaːn	na	bœytə						tufaləç	daːr	loup		də	çlasɛtər	də	frɑu	fraːçt														ɪn	də	straːt				rœytə	də	ʋɛikæçɛnt											lɤupt		dɑn	zit	hɛi					də	straːt			jɔŋəcə				ʋɪl			ə	stein	xʊiə			zit					saːmə				lɐupə	də	açɛnt								mar	ət	lœkt		nit	əm	zə	tə	pakə	tə	krɛiçə
Lemmer	hət	ɪs	stɪl	ɔp		strɪtə		dɑn	ɪneː̃s	klɪŋkt	bai	ɪː̃	fan	də	hyːs	hyzn	ət	ɡərɪŋkəl	fan	ɡl  ̴ɛːs	ə	frau	stap	ostjuːr	nɑi	bytn	hei	dɑ	s			təfɑləx	də	rɔnt	krɛk		ɡlɛːsɛtər	də	frau	freiɡət	ɒf	hɛi	ət	ryt	ʋɒl	mɑitʃə	mɑr	in	ən	kœːtə	tiːt	snøfələ	ər	in	də	strɪtə			ryt	rytn	də	pliʃə	lɛt	nɑu	ɛkstra	ɡuj	ɔp	ʋɑnɪːr	hɛi	trʊ	də	strʏtn	rɔnt	mɑr	dɑn	ʃʏt	hɛi	ɔp	ə	hukə	fɑn	də	strʏtə	ən	lits	jɔŋkjə		ət	jɔŋkjə	ʋɔl	krɛkt	mɑi	ən	stɪː̃	ɡʊiə	eifə	lɛtər	ʃʏt	də	pliʃə	ət	jɔŋkjə		mai	də	ɡlɛːsɛtər	rɔnn	də	pliʃə	bəslyt	ɔm		bɛidə	ɑːn	tə	hɒːdn	mɑr	ət	lʏkt	əm	nɛt	ɔm	zə	tə	pakŋ		
Lokeren	t	ɪs	stɔl	ɔp		strɔːtə	mɒr		ɪnɛnəkir		bɛi	iːn	fɑn		øːz	høːzn			fɑ	çlɑs	ə	frɔː	kɔm	prəsiːsfandəryːrn	nɑ	bøːtən		dɑ	woːl	nʌ		lækən	də	lœp	ʒyst		çlʊːzəmʊkərə		mɑdɑm	frʊːçt	ɒfdɑt	hɛ		rœːtə	wʊl		mʌr					çɒːnnədəfoːncəs	dər	ɪn		strʊːtə				rœːtn	də	ʃɑmpætərə		nɔː		çut		ɑst	hɛ	dʏːr			lœpt	mɑ	dæː	zit	m	œp	dən	ɯk	fɑnʲ	t	strʊːtə	ə	klɛːn	bɒskə	stʌnə			wʊl	ʒyst		nə	stiən	smetn	əbeːcə	nɐdin	zit	də	ʃɑmpætərə			təsʊːmm	mɪt		çlʊːzəmʊkərə	løːpən	də	ʃɑmpætərə	wʊl		ʊldər	ɑlətwiə	ɒn		ɒːn	mɒr				ni		sə				kreːn
Lommel	t	ɪs	stɪl	ɔp	də	strɔːt	mɑr	dɑn	ɔpeins	klɪŋkt	bɛi	eːn	fɑn	də	hœːs	hœøzə	ət	çərɪŋkəl	fɑn	çlɑs		frɑməs	kʏmp	fərbɑuərɪːrt	nɑ	bœytn		da	s	nə	ɤːk		dɒːr	lʏpt	ʃyst		çlɒːzəmʌːər		frɑməs	frøːçt	ɒf	i	də	rœːt	wɪlt	repərɪːrn	mɑr					snøfələn	dər	in	də	strɔːt	hɪːl	føːl		rœitən	də	pəlis	lɛt	nəu		çut	ɔp	ɑs	i	dʏːr	də	strʊːtə	lʏpt	mɑr	dɑn	zi	i	ɔp	dən	huk	fɑn	də	strʊːt	ə	klæːn	mænəʔə		ət	jʏŋskə	wɪlt	ʃyst	mɪ	nə	stein	smɛitn	æfkəs	lɒtər	sit	də	pəlis	ət	mænəʔən	çəlɛik	mit	də	çlɔːzəmʌːər	loːpən	də	pəlis	dɛŋktərænʲ	fɑn	zə	ɑləbæi	æn	tə	hʌːuən	mɑr	t	lʏkt	əm	niː	vɑn	zə	tə	pɑkŋ	tə	krɛeçn
Lunteren	t	ɪs	stɪl	ɔp		strɑːt	maːr	dan	plɒtsəlɪŋ	klɪŋk	bei	ɪː̃	fan	də	hys	hyzə	ət	rɪŋkələn	fɑn	çlɑʃ		ʋiːf	stapt	heiloufəstyːr	nə	bytə	hei	dɑ	s	nʊ	ouk	tufɑləx	dɑː	loup	jyst	də	xlasɛtər			frɑːxt	ɒf	hɛi	də	ryt	ʋʏl	mʌːkŋ	mar	ɪn		kɒrtə	tit	snøfələ	dər	ɪn	də	strʌːt	hɪːl	fʏːl	ryt	rytə	də	pəlisi	kik	nu		çut	yt	as	i	dʏːr	də	strʌːtə	loupt	mɑ	dan	zit	i	ɔp	də	hʊk	fɑn	də	strʌːt	ən	klɛin	kɪːrəlcə			jɔŋəcə	ʋʏl	nɛt		ə	stɪːn	xʊiə	ɛfə	lʌːtər	sit	də	pəlisi	ət	jɔŋəcə	sɑːmən	mɛt	də	xlasmɑːkər	loupə	də	pəlisi	bəslyt	ʌm	zə	ɑləbɛi	ɑn	tə	hɑuə					nit		zə	tə	pɑkə		kriçə
Maldegem	t	ɪs	stɛl	ɔp		strʏtə	mʌr		ɒmɛnəkir			ɪːnə	fɑn			hʏːzn				χlɑs			kɔm	fiːfəsχoːtn		bytn			mu			lækŋ		pɑsiːrt	ʒyst		rytəmɒkrə			frʊχt	ɒf	ti		rytə	wɛl	mʊːkŋ	mər	ɔp		kɒrtn	tɛit	fliχənkʌpɔt	dər	ɛn	də	strʊːt		feːl	rytə	rytn	də	ʃɑndɑrm	kɪk	nɛi		χu	rɔnt	dæːsdɑt	i	dʏːr			lœpt	mər	tʊː̃s	sit	i	ɔp	dən	uk	fɑn	də	strʏtə						mɒnəkə	wɛl	ʃystə		nə	kæi	smitn	əticə	lœtrə	sit	də	ʒɑndɑrm			tɯpə	mɪt	də	rytəmɒkr	lʏpm	də	æχæː̃t	χət		sə	ɑlətwɪə			pɑkŋ	mər				ni		sə		fʌstə		
Marken	ət	ɪs	stɪl	ɔp		strɛit	mɑr		əniːns		bɛi	eː̃	fɑn	də	hays	haysə		xəriŋkəl	fɑn	xlas			stɑpt	eiləxʌːrɑndein	nei	bœytə	hɛ	dɑ	z	nə	ouk	tufɑləx	də	loupt	nɛt	də	xlasɛtər			freixt	ɒf	i	də	rayt		mʌːkə	mɑr					xɛ̃təbarstə	də	ɪn	də	strɛit				rœytə	də	pəlisi	lɛt	nɑu	ɛkstra		ɔp	ɑs	i	dʏːr	də	strɛitə	lɒpt	mɑ	dɑn	sit	i	ɔp	də	hoːk	fɑn	də	strɛit	ən	klɑin	jɔŋəcə		hət	jɔŋəcə	wʏl	nɛt		ə	stiː	xɤiə	ɛfə	dənɛi	zit	də	pəlisi	ət	jɔŋəcə		mɪt	də	xlasɛtər	lɑupə	də	pəlisi	neimtəbəslayt	ɔm	zə	ɑlətʋei	aːn	tə	hɑuə	mʌr	ət	lʏkt		nit	ɔm	zə	tə			kraːə
Middelharnis	t	ɪs	stɪlə	ɔp		straːtə	mɑr		ənɪːns		bi	ɪː̃	fɑn	də	hys	hyzən				xlɑs	ən	frauə	stapt	hɪːləmaːlʌufərdətuːrn	næ	bytən		da	s	nə	ʌːk	tufɑləχ	dɑː	lʌp	jyst	də	xlaːzəzɛtər	də	frauə	fræːχt	ɒf	ti	də	rytə	wɪl	mæːkə	mɑr	ɛn		kɒrtə	tit	snøfələ	ər	ɛn	də	straːtə			rytə	rytn	də	pəlɪsi	læt			χud	ɔp	ɑst	i	dʏːr	də	straːtən	lʌpt	mə	dɑn	sit	i	ɔp	də	huk	fɑn	də	straːtə	ən	klɛin	fæncə		hət	fæncə	wʏl	næt		ən	stɪː̃	χʊin	eːfə	læːtər	zit	də	plitsi	ət	fæncə	sæːmm	mæt	də	xlaːzəzætər	lɑːpə	də	plɪsi	bəslyt		sə	ɑləbæiə	ɑn	tə	haːuən	mar	ət	lœkt	əm	nɪt		sə	tə	pɑkən	tə	krɪxn
Naaldwijk	hɛt	ɪs	stɪl	ɔp		stʀaːt	mɑʀ	dɑn	ɪnẽĩs	klɪŋkt	bɛi	ein	fɑn	də	hays	hayzə	hɛt	xəʀɪŋkəl	fɑn	xl  ̴ɑs	ə	fʀaɯ	stɒpt	xəsxʀʊkə	na	bœːtə		dɑt	ɪz	nə	ɤuk	tufʌləx	da	lɤupt	jœyst	də	xlʌsɛtəʀ	də	məfʀaɯ	fʀɑːht	ɒf	hɛi	də	ʀœyt	ʋʏl	mɑːkə	mɑʀ	ɪn		kɒrtə	tait	snøfələ	əʀ	ɪn	də	stʀaːt	heil	fɤːl		ʀœytə	də	plisiɑxɛnt	lɛt	nʏ	ɛkstʀə	xɯt	ɔp	ɒls	ə	dʊːʀ	də	stʀaːtə	lɤupt	mɑ	dɑn	zit	hɛi	ɔp	də	huk	fɑn	də	stʀaːt	ən	klain	jɔŋəcə		hət	jɔŋəcə	ʋʏl	nɛt		ə	stein	xɤiə	eifə	lɑːtəʀ	zit	də	pəlisi	ɛt	jɔŋəcə	sɑːmm	mɛt	də	xlʌsɛtəʀ	lɤupə	də	ɑxɛnt	bəslœyt	ɔm	sə	ʌləbai	ɑːn	tə	hɑudə	mɑʀ	ət	lʏkt		nit	ɔm	zə	tə	pɑkə	tə	kʀaixə
Neeroeteren	t	ɪs	ʃtɪl	ɔp	ə	stʀɒːt	mɑʀ	dan	ɪnɪːns	klɪŋk	bi	ein	fɑn	də	hus	hysəʀ	ət	çəʀɪŋkəl	fɑn	çlaːs	ən	fʀəɯ	ʃtɑpt	fəʃʀʊkə	nʌ	bytə	hei	dat	ɪs	nɯ	ɤːk		dɒː	lɛi	ʃyst	də	ʀytəmæːkə		fʀəɯ	fʀeiçt	ɒf	hɛi		ʀuːt	wʏlt	mɑːkə	mɑʀ	ɪn		çeinən	ti	çɒːnkəpʊt	əʀ	ɪn	də	ʃtʀɒːt			ʀut	ʀytə	də	bɒi	læt	nu		çʊt	ɔp	ɑs	ə	dʏːʀ	də	stʀɒːtə	lɛi	mɑ	dan	ziːt	m	ɔp		hɔːk	fɑn	də	ʃtʀɒːt							wɪl	ʃʏst	mæt	ənə	stein	çuiə	ɛfkəs	dənɒː	zit	də	bɒi		mænəkə		bi	də	çlaːsənɛikəʀ	lɤupə	də	bɒi	bəʃlɪst	um	zə	ɑləbæi			hɑuə	maːʀ	ət	lækt	əm	nɪt	ɔm	zə	tə	pɑkə		
Nij Altoenae	t	ɪs	stɪːl	ɪn		straːt	mɑ	dan	ɪnẽĩs		bɛi	ein	fan	də	hyːs	hyːzn		ɡərɪŋkəl	fan	ɡlɑːs	n	frɑu	kɔm	ɡəheːoufəstuː	na	bytn		dɑ	s	nə	oːk	tufaləx	dæ	kɔmt	krɛk	də	ɡlɑːsɛtər	də	frɑu	fraːxt	ɒf	hɛi	ət	ryt		maːkə	ma	ɪn		klɒinhʏtsi	tiːt		ər					føːl	ryt	rytn	də	plisiman	kik	nɑu	ɛkstrə	ɡuːt	ɒmmhinə	at	i	dʏːr	də		loupt	mər	dan	siːt	i	ɔp	ə	huk	fan	də	straːt	ə		jɔŋətsi	stæːn			sɪl		mɛt	n	stein	smitə	ənhʏtʃə	laːtər	siːt	də	pliʃə	ət	jɔŋətsi	təɡaːr	mɛt	də	ɡlɑːsɛtər	lʌupm	də	plisiman	bəslyt	ɔm	zə	bɒidə	ɑn	tə	hɑːə	mər	t	l  ̴ʏkt	əm	niːt	ɔm	sə	tə	pakən	tə	krɑiən
Nijverdal	hɛt	ɪs	stɪlə	ɔp		strʌːtə	mɑ	dɑn	ɪneː̃s	klɪŋkt	bi	eːn	fɑn	də	hys	hyːzər	hət	xərɪŋkəl	fɑn	xlɑs	ə	frɑuə	stɑpt	ɒndɒːn	nɒ	bytn	heː	dɑ	s	nə	oːk	tufɑləx	dʊː	lœp	jyst		xlɑsɛtər	də	frɑuə	frœx	ɒf	hɛi		rutə	ʋʏl	reparɪːrn	mɑr	ɪn		kɒrtn	tit	snøfəlt	ər	ɪn	də	strʌːtə	hɪːl	fœlə	rutə	rutn	də	plitsiaxɛnt			ɛkstra	xut		ɑs	hɛi	dʏːr			lœp	mɑ	dɑn	sœt	hɛi	ɔp	də	huːk	fɑn	t	strʌːtə	ən	klɛin	kɪːlti			jɒxi	ʋʏl	nɛt		n	steːn	xʊin	ɛbm	laːtər	sœt	dɛn	plitsiaxɛnt	hət	jɒxi	saːmən	mɛt	dɛn	xlɑsɛtər	loːpm	dɛn	plitsi	bəslœt	œm	hœn	bɛidə	ɑn	tə	hɒln	mɑr	ət	lʏkt	əm	nit		sə	tə	pɑkŋ	tə	kriɡŋ
Noordwolde	t	ɪzə	stɪl	ɔp		strʌːdə		dan	ɪniː̃s		bɛi	ein	fan	də		hyzn		xərɪŋkəl		xlas	ə	frʌu	kɔmd	ɔndʌːn	nʌ	bytn	heː						da	loːp	krɛk		xlɑsɛtər	də	məfrʌu	frʌːxt	ɑz	i				mæːkŋ		ɪn		kɒːrdə	tit	xɒːnkəpɒːt	ər	ɪn	ə	strʌːdə				rytn	də	pəlizi	kik	nau		xut	yt	ɶz	i	dʏːr			lʌp			sit	i	ɔp	də	huk				ən		jɒxi	stʌːn	ət	jɒxi	wɪl			ə	stiːn	xʊin		læːtər	sit	də	pəlizi	ət	jɒːxi		mɛt	də	xlɑsɛtər	loːpm	də	pəlizi	bəslyt	ɔm	zə		ɑn	t	hɒln					nit		sə	tə	pakŋ		kriɡŋ
Ommen	t	ɪs	stɪlə	ɪn		strʌːtə			ɪniː̃s	klɪŋkt	bei	iː̃	fɑn	də	hys	hyzə		xəlyːt	fɑn	xlas	ə	frɒumɛː̃sə	kʏmp	fərɑldərɪːt	nʌ	bytn	heː	dɑ	s				dʊ	lœp	nɛt		xlɑsɛtər	də	frɒuə	frʏːx	ɒf	ə	də	rutə	wɔl	maːkŋ		ɪn	n	kɒrdə	tit								rutə	rutn	də	pəlitsi						ɑz	ə	dʏːr			xiːt	maː	dɑn	zɛt	ə	ɔp	d	huk	fɑn	də	strʌːt	ən	klɛin	jɒxi				wɔl	nɛt	mɛt	n	stiːn	xʊin	wɑt	laːtər	zœt	də	pəlitsi	t	jɒxi	sæːmm	mɛt	dɛn	xlɑsɛtər	loːpm	də	plitsi	wɪl		zə	bɛidn	ɑn		hɒːln	mɑr				ni		sə	tə	pɑkŋ		
Onstwedde	t	ɪs	stɪl	ɔp		strʊːdə	mæ	dan	ɪnɑ̃ĩs		bi	ɑ̃ĩ	fan	də	hus	huzn				xlas		fraːu	stap	fəbɑuʋərɪːt	nʊ	butn		da	s		ouk	təfɑləx	dʊː	lɒpt	nɛt		xlasɛtər		məfrau	fraxt	ɒf	hɛi	də	rudə	ʋɪl		mar	ɪn	n	kœːrdə	tit	snøfəld	ə	ɪn	də	strʊːdə	hɑːl		rudə	rutn	də	plitsi	kɪk			xɑud	ut	az	he	dʏːr			lʌpt	ma	dan	sʏxt	i	ɔp	də	hɑuk	fən	də	strʊːt						jɔŋkjə	ʋɪ	nɛt	mɪt	n	stɑinə	xʊin	eibm	lɒːtər	sʏxt	də	plitsi		jʌŋkjə	sɒmm	mɪt	də	xlasɛtər	lʌupm	də	plitsi	bəslʊt	ʏm		bɛidn	æː̃	tə		ma	t	lʏkt	əm	nix		sə	tə	pakŋ	tə	kriɡŋ
Oostende	t	ɪs	stɪlə	ɪn		strʌːtə	mʌr		ənɛikɪ	klɪŋkt	bi	ɛən	fan	d	ys	yzn		həriŋkəl	fan	hlɑs	ə	wyf	stapt	ɑː̃χədɒː̃n	nɒ	bytn								lɒpt	ʃystə		rytəmʌːkər		wyf	fraːxt	ɒst	m		rytə		fəmɑːkŋ	mʌr	ɛn		hɛn	tit		dər	ɪn		strʌːtə	stif		rytə	rytn	də	pliʃə	lɛt			çut	ɔp	ɒst	m	dʏːr				mʌr	tʊnə	siːt	m	ɔp			fan	də	strʌːtə	ə	klɛin	juŋəʃə			bucə	wɛl	ʃystə		ə	stɛː	smitn	əlæcə	lɒːtər	siːt	də	pliʃə		χaʃə	təhɒːrə	mæt	də	rytəmʌːkər	loupən	də	pliʃə	ɪsfanplan		zə	ʊlətwɛ		tə	ʃtækŋ	mʌr	t	lœkt	æm	ni	fɔr	œndər	tə	ʃtækən	tə	krihən
Ooy	t	ɪs	stɪl	ɔp		stʀʌːt	mʌ	dɑn	ɪnɛns		bei	eː̃	fɑ	də		hyːsə		çəʀɪŋkəl		çlɑs	ə	ʋiːf	kʏm		nə	bytə								kʏmpt	kʀɛk		çlɑsætəʀ		ʋiːf	fʀʏx	ɒf	heː		ʀyt	wɪl		mʌ					fliçədəʀyt	dəʀ	ɪn	də	stʀɒːt			ʀyt	ʀytə	də	pəlisi	kik												dan	zit	he															mɛd	ə	kɛi	smitə	ɛfkəs	lɑːtəʀ	syt	də	pəlisi				mət	də	ʀytəzætəʀ	loːpə	də	pəlisi	wɪl		zə	ɑləbe		tə		mɑ				nit		sə	tə	pakə		
Oude Niedorp	ət	ɪs	stɪl	ɔp		strɛit	maːr	dɑn	ɔpɪː̃s	klɪŋk	bɑi	iːn	fɑn		hœys	hayzə		xərɪŋkəl	fɑ	xl  ̴ɑs	ə	frɑu	kɔm		nai	bœytə		dɑ	s		ouk	tufɑləx	dæ		nɛt		xlʌsɛtər			fraːxt	ɒf	hɑi		raːm	wɪl	repərɪːrə	mɑr	ɪn			tɑit	xaːnstɪk	ɛr	ɪn	də	strɛit				raːmə	də	pl  ̴isi	kɑikt		ɛkstra	xut		ɑʃ	i	dʏːr	də	strɛitə	lʌupt		dɛn	sit	i	ɔp	də	huk	fɑn	də	strɛit	ə	klɑin	jɒxi		ɛt	jɒxi	wʏl	nɛt		ə	stɪː̃	χʊiə	ɛfis	l  ̴ɛitər	sit	də	pl  ̴isi	hət	jɒxi	sɑːmə	mɛt	də	xlɑʃɛtər		də	pl  ̴isi	wʏl		zə	ɑlətwɑi	ɑn		hʌuə	mæːr				nit		zə	tə	pɑkə		krɑixə
Oudebildtzijl	t	ɪs	rʏstəx	ɔp		dik	mɑ	dan	ɪneinn		bɛi	ein	fan	də	hys	hysn				ɡlɑːs	n	frɑu	kɔmt	raːsxrɒkə	nɑ	bytn	hei	dɑ	s	nɑu	ouk	tufaləx	dæ	kɔmt		də	ɡlɑːsɛtər							ryt		maːkə	mar	ɪn		kɒːrdə	tit	snøfələ	dər			straːt		føːl	ryt	rytn	də	plitsi	kikt	nɑu		ɡuːt	ɒmmhinə	ɑt	hɛi				loupt			siːt	hɛi	ɔp	ə	huk				ən	klɑin	jɔŋətʃə	stæːn			sɪl	krɛkt		ən	stein	ɡʊiə	ətitʃə	laːtər	siːt	də	plitsi	ət	jɔŋətsi	təɡaːr	mɛt	də	ɡlɑːsɛtər											mɑr				nit		zə	tə	pɑkŋ		krɛiə
Overijse	t	ɪs	stɪləkəs	ɔp		stʀɔːt	mɔʀ	dan	ɪneinəki						hʊəs			lɑwɑit	fɑ	çlɑs	ən	fʀɑː	stɑpt	çiːlfɑnhæʀəndʏu		bʊətə		dɑ	wɪl	nɑ		lykə	de	kɔmt	ʒyst		çlʊːzəmʊːkəʀ	də	fʀɑː	fʀʊːçt	dɑt	m	də	ʀʊət		ʀepɑʀɛːʀən	mɔʀ	ɔp		kœʀtən	tæːt	snø̃fələ	əʀ	in	də	stʀʊːt		fɶːl		ʀʊətə	dən	ãçɛnt	lɛt	na		çʏːd	ɔp	ɛs	m	dœy	də	stʀʊːtə	lœpt	mɒ	dæn	seːt	m	ɔp	dən	uk	fɑn	də	stʀʊːt	ə	klaːn	mænəkə	stun		çɑmɛː	wɪl	ʒyst	mæ	nə	stiːn	smæːitə	əbeikə	lʊːtəʀ	zeːt	dən	açænt	t	mænəkə		mæt	də	çlʊːzəmʊːkəʀ		dən	açænt	bəslœt	fɑn	z	ɑlətwi	ɔːn	t	haːvə					ni		zə		pakə		
Pannerden	ət	ɪs	stɪl	ɔp		strʌːt	mɑ	dan	ɪnɛns	klɪŋk	bei	eːn	fan	də	hys	hyːs	ət	çərɪŋkəl	fan	çlɑs	ən	frɑu	trɛit	fɑslɑç	nə	bytə	hei	dɑ	z		oːk	tufɑləç	dæː		nɛt	də	çlɑːsætər	də	frɑu	frœç	ɒf	hɛi	də	ryt	wʏl	maːkə	mɑr	ɪn		kɒrtə	tit	snøfələ	dər	ɪn	də	strʌːt	hɪːl	føːl	ryt	rytə	də	plisi		nɑ	ækstra	çut								mɑ	dɑn	zit	i	ɔp	də	huk	fɑn	də	strɒːt	ən	klɛin	kɛːljə		ət	kɛːljə	wɛl	næt		ən	kɛi	çʊiə	ɛkəs	lɒːtər	zit	də	plisi	ət	kɛːljə	saːmm	mæt	də	çlɑsætər	loːpə	də	plisi	bəslyt		sə	ɑləbæi	ɑn	tə	hɒldə	ma				nit		zə	tə	pak		kʀiːçə
Poperinge	t	ɪs	stɪl	ɔp	t	strʌːtə	mʌr		ɔməkiɻ		bi	ɪː̃n	fan	d	ys	yzn				hlɑs		frɒmɛː̃s	kɔmt	fɑntfəsχɒt	nɒ	bytn								pɑsɪrt	jyst	də	χlɒːzəniːr		frɒmɛː̃s	frɔːχt	ɒfdɑt	m	də	rytə	wɛlt	fəmɒːkŋ	mʌr	ɛn					dər	ɛn	də	strʌːtə			rytə	rytn	də	hɑrdə	læt	n			œp	ɑt	m	dʏːr	də	strɒːtn	lɒpt	mʌr	tʊn	ziːt	m	œp		uk	fɑn	t	strʌːtə	ə	kliːn	fæncə			χɑʃə	ɪʃvanplɑn	ʃystə		ə	stɪːn	smitn	əmænt	lɒːtər	siːt	də	hɑrdə		fæncə	təhɒrə	bɪ	d	hlɒːzəniːr		də	hɑrdə	ɪsfɑnplɑn	ɔm	nœdər	ɒlətwiə	ɑn	t	ɯn	mʌr				ni		sə		pɑkŋ		
Reeuwijk	hɛt	ɪs	rʏstəx	ɔp		straːt	mə	dan	ɪneins	klɪŋkt	bɑi	ein	fɑn	də	hays	hayzə		xərɪŋkəl		xlɑs	ə	frɑu	stɒpt		na	bœytə	hei	də	z		ək	tufʌləx	da	loupt		də	xlʌsɛtər	də	frɑu	fraːxt	ɒf	hɛi	də	rayt	ʋʏl	maːkə	maːr	ɪn		kʊrtə	tɑit	xɛnkəpʊt	ə				heil	føːl		raytə	də	pəlitsiəxɛnt	lɛt	ny	ɛkstrə	xɯt	ɔp			dʊːr			lɤupt	maː	dɑn	zit	i	ɔp	də	hɯk	fɑn	də	straːt	ən	klɑin	juŋəcə		hɛt	jɔŋəcə	ʋʏl	nɛt		ə	stei	xʊiə	eifə	laːtər	zit	də	pəlitsiəxɛnt	ət	juŋəcə	saːmə	mɛt	də	xlʌsɛtər	lʌupə	də	axɛnt	bəslʌyt			ʌləbai	aːn	tə	hɑudə	mar	ət	l  ̴ʏkt	hɛm	nit		sə	tə	pɑkə	tə	krɑiha
Rijen	t	ɪs	stɪl	ɔp		stʀɒːt			ɪneː̃s						hœːs					çlɑs								dæ	s		ouk		dɒː	lɒp	ɟyst	də								çlɑs																ʀœːtə	də	fæltwɑçtəʀ	læt				ɔp	æs	i	dʏːʀ			lɒpt	mɑ	dɑn	sit	i	ɔp	dən	huk	fɑn	də	stʀɒːt					ət		wɛl	syst		nə	kɑːi	çʊiə	ɛfkəs	lʌːtəʀ	zit	də	plisi			sʌːmm	mɪt	də		lɒːpə	də	pəliʃə	wɪl		zə	ɑləbæi			ɑʀəstɪːʀə					ni		zə				kʀɛiçə
Rijkevorsel	t	ɪs	stɪl	ɔp		stʀʌːt	ma	dan	ɪniː̃s	klɪŋk	bei	ɪː̃	fan	d	œːz	œːzə	t	çəʀiŋkəl	fan	çlas	ə	fʀɑɯ	stɑpt		nə	baːtə	hei	da	myt	nau		lykə	də	lʏpt	ʃyst	də	çlʌːzəmʌːkəʀ		mɑdɑm	fʀʌːçt	ɒf	i	də	ʀœːt	wʏl	ʀəpaʀɪːʀə	maʀ	ɪn		kœʀtə	tæːt	snøfəln	əʀ	ɪn	də	stʀʌːt	ɪːl	føːl		ʀœːtə	də	pəlisi	lɛt	nɑu	ɛkstʀa	çud	ɔp	ɑs	m	dʏːʀ	də	stʀʌːtə	lœpt	ma	dɑn	ziːt	m	ɔp	dən	uk	fan	də	stʀʌːt	ə	klæin	juŋəskə		hɛt	juŋəskə	wʏl	ʃyst		nə	stɪːn	çuiə	eːfkəs	lʌːtəʀ	siːt	də	pəlis	ət	juŋəskə	sɑːmə	mɛt	də	çlʌːzəmʌːkəʀ	lɯːpə	də	pəlisi	wʏl		zə		ʌː̃n		hauə	maʀ	t	lʏkt	əm	ni		zə	tə	pakə	tə	kʀɛiə
Roswinkel	t	ɪs	stɪl	ɔp		strʊːdə	mɔr	dan	inɑ̃ĩmʊːl		bi	ɑ̃ĩ	fan	də	hus	huzn		xərɪŋkəl		xlas	əin	frɑu	kɔmt	fəsxrɪk	na	butn	heː	da	s	nɑu	ouk	tufɑlə		lʌp	nɛt		xlasɛtər	də	frɑu	frɑx	ɒf	hɑi			ʋʏl	klɒːrmɒːkŋ	mʌr	ɪn	n	kœːrdə	tit	kɒmmstʏːk	dər	ɪn	də	strʊːdə		føːl	rudə	rʌːmm	də	fɛltʋaxtər		nɑu		xɑut	ɔp	az	ə	dʏːr			lʌp	mʌr	dan	sʏx	ər	ɔp	də	hɑuk	fan	də	strʊːdə	ən		jɔŋki			jʌŋki	ʋɪl	nɛt		ən	stɑinə	xʊin	nzɛɟə	lɒːtər	zʏx	də	fɛltʋaxtər		jɔŋki	xəlik	mɛt	də	xlasɛtər	loupm	də	fɛltʋaxtər	ɪsfanplan		zə	bɛidə	æː̃	tə	hɒːln	mɒr	hət	xəlʏkt	hɛm	ni	œm	zə	tə	pakŋ	tə	kriɡŋ
s-Gravenvoeren	t	ɪʃ	ʃtɪlə	ɪ		ʃtʀoːt	mɛ		ɤbɪns	klɪŋkt	bi	ɪn	fɑn	də	huːs	huːzəʀ	hɛt	bʀiːkə	fɑ	çlaːs	ən	fʀɔu	kʏmp		nɑ	butə		dɑt	mut		oːç	lʏkə	də	lʏpt	ʃyst		çlaːsəniːʀkəʀ		mɑdɑm	fʀøːçt	ɒf	hiːʀ	də	ʀuːt	wɪlt	ʀepɑʀɪːʀə	mɛ	ɔp		kɒʀtə	tiːt	fliçənkɑput		i	çən	ʃtʀoːt	hiːl	fœːl	ʀut	ʀuːtə	də	ʃɑndɑʀm	lɪt	nu		çut	ɔp	ɛs	i	dʊːʀ			lʏpt	mɛ	dɑ	siːt	hiːʀ	œp	də	hʊːk	fɑn	çən	ʃtʀʊːt	ə	kleːn	jʏŋskə		ət	mɛnəkə	wɪl	ʃyz		ənə	ʃteː	bʀuiə	əbitʃə	laːtəʀ	ziːt	də	ʃɑndɑʀm	ət	jʏŋskə	təhoupə	mət	də	çlaːsəniːʀkə	lɯːpə	də	ʃɑndɑʀm	bəslyt	fœʀ	zə	aləbei	aː	tə	hɔuə	mɛʀ		lʏkt	əm	nɪət		sə			tə	kʀiçə
Sexbierum	ət	ɪs	stɪl	ɔp		strɪtə		dan			bai	ɪː̃	fan	də		hyzn		ɡərɪŋkəl	fan	ɡl  ̴ɛːs	ən	frɑu	stapt	untdɪː̃n	nɑi	butn	heː	dɑt	ɪs		ɛk	tɑfɑləx	da	rɪnt	krɛk	də	ɡlɛːsɛtər	də	frɑu	freiɡət	ɒf	hɛi	ət	ryt		mɑitʃə	mɑr			kuɑtə	tit	snøfələ	də	in	də	strɪtə			ryt	rytn	də	pliʃə	lɛt		ɛkstrə	ɡuːt	ɔp	ɑt	ə	trʊ	də	strɪtə	rɪnt	mɑ	dan	ʃʏxt	ər	ɔp	də	hukə				ə	lits	jɔŋkjə		ət	jɔŋkjə	ʋɔl	krɛkt		ən	stɪːn	ɡʊiə	ɛfkəs	lɛtər	ʃʏxt	də	pliʃə	ət	jɔŋkjə	təɡɛrə	ma	də	ɡlɛːsɛtər	rɪnn	də	pəlisi	bəslyt	ɔm		bɑidə	ʊːn	tə	hɒːdn	mɑr	ət	lʏkt	hɛm	nɛt	ɔm	zə	tə	pakən	tə	kraiə
Sint Annaparochie	ət	ɪs	stɪl	ɔp		dik	ma	dan	ɪneinən		bai	ein	fan	də	hyːs	hyzn	ət	rɛŋkələn	fan	ɡlɑːs	ə	frɑu	kɔmd	heilndɑlfɑnətsɛntrəm	nə	bytn		dɑt	ɪz	nɑu	oːk	tufɑləx	dæː	kɔmt	krɛkt	də	ɡlɑːsɛtər	də	frɑu	fraːxt	ɑt	i	ət	ryt	ʋɪl	repərɪːrə	mɑr	ɪn		kɒrthʏtsi		ɡaːnstɪkŋ	dər	ɪn	də	straːt			ryt	rytn	də	plisiman		nɑu		ɡuːt	ɔp	ɑt	i	dʏːr	də	straːtn	loupt	ma	dan	siːt	i	ɔp	ə	huk	fan	də	straːt	ə		jɔŋətsi				ɪsfandʊːl	krɛkt	mɛt	n	stein	ɡʊiə	eifən	laːtər	siːt	də	plisiman	ət	jɔŋətsi		mɛt	də	ɡlɑːsɛtər	loupən	də	plisimɑn	bəslyt	ɔm		bɒidə	ɑn	tə	hɑːuən	mɑr	ət	sl  ̴aːxt	hɛm	nit		zə	tə	pɑkən	tə	krɑiən
Sint Jacobiparochie	ət	ɪs	stɪːl	ɔp		dik	ma	dan	ɪneinn	klɪŋk	bai	ein	fan	də	hyːs	hyːzn	ət	ɡərɪŋɬəl	fan	ɡlɑːs	ə	frɑu	stap	fərbistət	nai	bytn	hɛː	dɑ	z		ɤuk	tufaləx	də	loupt	krɛk		ɡlɑːsɛtər	də	frɑu	fraːxt	ɑt	i	ət	ryt	ʋɪl	maːkə		ɪn		kɒːrtə	tiːt	ɡaːnstɪkŋ	ər						ryt	rytn	də	plisi	siət	nɑu	ɛkstrə	ɡuːt	ɒmmhinə	ɑt	i				loupt	ma	dan	siːt	i	ɔp	ə	huk	fan		dik						jɔŋətsi	ʋʏl	krɛk		ən	stein	xʊiə	eifjəs	laːtər	siːt	də	plisi	ət	jɔŋətsi	təɡaːr	mɛt	də	ɡlɑːsɛtər	loupən	də	plisi	bəslyt	ɔm		bɑidə	aːn	tə	hɑːuən	mar	ət	lʏkt		nit	ɔ̃m	zə	tə	pakən		
Sint-Oedenrode	t	ɪs	stɪl	ɔp		stʀɒːt					bɛ	ein	fɑn	də		hœys		çəʀɪŋkəl	fɑn	çlɑs	ə	fʀɒu	kʏmp	fəskoːtə	nə	bœːtə	hei						də	kʏmp	kʀɛkt	də		də	fʀɒu	fʀɒːçt	ɒf	di		çlɑs			mɑʀ	ɪn				fliçəkəpɒt	dəʀ	ɪn	də	stʀɒːt				ʀɒːmə	də	plisi	lɛt				ɔp	æz	i	dʏːʀ			lʏpt					ɔp	dən	huk	fɑn	də	stʀɔːt								næt		ənə	kaːi	çʊiə	ɛfkəs	lɒtəʀ	zi	də	plisi				mɪt	də		loːpə	də	plisi			zə	ɑləbæi	ʌnʲ							ni		zə				
Slochteren	t	ɪs	stɪl	ɔp		strʊːt			inɑinn	klɪŋkt	bi	ɒ̃ĩn	fan	də	huz	huzn		xərɪ̃ŋkəl		xlɑs	ən	frɑː	kɔmt	fərɑldərɪːt	nə	butn	hei	da	z		ɤuk	tɑfɑləx	dʊː	lɒp	nɛt		xlɑsɛtər		frɑː	frɑxt	ɒf	hɑi		xlas			mɒr	ɪn			tit	snøfəln	ə	ɪn		strʊːt				rutn		plitsi	kikt	nɑu			ɔ̃zʊktɑu	ɑz	ə	dʏːr			lʌpt	mɒr	dən	zʏxt	hɛi	ɔp		hɑuk	fan		strʊːt		løɟi						nɛt		n	stɑin	xʊin	eifkəs	lɔːtər	zʏx		plitsi	t	jɔŋkjə		mɪt		xlasɛtər	loupm		plitsi	ʋɪl		zə	bɑidnt	æː̃		hɒln	mɒr				nait		zə	tə	pakŋ		
Sneek	ət	ɪs	stɪl	ɔp	ə	straːt	mɑr		ɪniːnn		bai	ɪː̃	fan	də	hys	hyzn		ɡərɪŋkəl		ɡlɑs	ə	frɒu		heiləmɑːlɪndəʋɑr	nɑ	bytn		dɑt	ɪz		ouk	tufɑləx	dɛːr	loupt	jyst	də	ɡlɑsɛtər	də	frɒu	fraːxt				raːm		mɑːkə	mɑr	ɪn		kɒrtə	tiːt		dər							rytn	də	pl  ̴isi	lɛt	nɑu	ɛkstra	ɡuːd	ɔp	ɑz	i	dʏːr	də	straːtn	loupt	mɑr	dan	siːt	i	ɔp	ə	hukə	fan	də	strʌːt	ə	klɛin	jɔŋkjə	staːn		jɔŋkjə	ʋʏl	krɛk		ə	stiːn	ɡʊiə	eifə	laːtər	siːt	də	plisi	ət	jɔŋkjə	təɡaːrə	mɛt	də	ɡlɑsɛtər	loupm	də	pl  ̴isi	bəslyt	ɔm	zə	ɑləbɛi	ɑn	tə	hɑuən	mɑr	ət		ɔm	nit	ɔm	zə	tə	pakən	tə	kræiə
Tegelen	həd	ɪʃ	ʃtɪl	ɔp	də	ʃtʀoːt	ma	dɑn	ʏbɛns	klɪŋk	bi	ein	fɑn	də	huːs	hyːzəʀ	hət	çəʀɪŋkəl	fɑn	çlæs	ein	fʀɑu	kʏm	çəʃʀʊkə	nə	buːtə	hei	dat	ɪz	nɯ	oːk	tufɑləç	dʊː	lœp	nɛt		çlaːsætəʀ	də	fʀɑu	fʀøːç	ɒf	hɪːʀ	də	ʀuːt	wɪlt	maːkə	maʀ	ɛn		kɒʀtə	tiːt	ʃnøfəld	dəʀ	ɛn	də	ʃtʀɔːt	hiːl	fyːl	ʀut	ʀuːtə	də	pəlisi	læt	nʊu	ækstʀə	çut	ɔp	ɑs	hɪːʀ	dʊːʀ	də	ʃtʀɔːtə	lœp	mʌ	dan	zyːt	hɪːʀ	ɔp	dəʀ	huːt	fən	də	ʃtʀʊːt	ɛ	klɛin	jʏŋskə		hət	jʏŋskə	wʏlt	næt		ənə	ʃtɛin	çuiə	ɛfkəs	laːtəʀ	syt	də	plisi	ət	jʏŋskə	saːmə	mæt	də	çlaːsætəʀ	lʌupə	də	pəlisi	bəslyt	œm	zə	ɑləbæi	aːn	tə	hæːiə	maʀ	t	lɶk	əm	nɪːd	œm	zə	tə	pɑkə	tə	kʀiçə
Tienen	ət	ɪs	stil	in					nəniːns			iən	fɑn	də		hɑːsə		lɑwɒːt	fɑn	çlɒːs		fʀʌː	kɔm			bɑːtə		dɑ	wil			l  ̴ɑkə		kɔmt			çlɒəzəmaːkəʀ			fʀʊːçt	ɒf	m	də	ʀɑːt	wilt	ʀəpaʀɑiʀə	mɒ					flʏiçədəstɑʀcəfɑnɪː̃n	dəʀ				hiːl			ʀɑːtə	də	çɑrdə				çʏɯt												ɯp	dən	huk	fɑn	də	stʀʊːt			kɑdɑikə				wil	ʃyst		ən	kɑːi	smɛːtə	əbɛcə	lʊːtəʀ	set	də	çɑʀdə				bɛ	də	çlɒəzəmaːkəʀ	lɤːpə	də	çɑʀdə	wil		zə	ɒlətwi			pɑkə											
Tilligte	t	ɪs	stɪl	ɔp		strʌːt	ma	dan	ɪneːns	klɪŋkt	bi	eːn	fan	də	hus	hyːs		xərɪŋkəl	fan		nə	frɔu	lœp	ɒnʲdɒːn	nə	butn	hei	dat	ɪs	nʊ			dʊ	loːp	nɛt		xlasɛtər	də	frɒu	frœx	ɒf	heː	də	rut	ʋʏl	maːkŋ	mar	ɪn	ə	kɒrtn	tit	snøfəlt	ər	ɪn	də	strɒːt		fœl	rut	rutn	də	plitsiɑxɛnt	kɪk	nu	ɛkstrʌ	xʊːt	ut	ɑt	hɪː	dʏːr	də	strɒːtn	lœp	mæ	dan	sœt	he	ɔp		hoːk	fan	də	strɒːt	nə				hɛt	jʏŋskə	ʋʏl		mɛt	nə	stɪː̃	smitn	ɛfn	laːtər	sœt	də	plitsi	hɛt	jʏŋskə	saːmm	mɛt	n	xlasɛtər	loːpm	də	plitsi	bəslʊt	œm	zə	bɪːr	ɑn	tə	hɒln	mær	t	lʏkt	hɛm	nɪx	œm	zə	tə	pakŋ	tə	kriɡŋ
Uithuizen	t	ɪs	stɪl	ɔp		strʊːt																frɑːu	kɔmt		nə	butn	hei	da	z		ouk	tufɑləx	də	kɔmt	nɛt				frɑːu	fraxt	ɒf	hɑi			ʋɪl	mɒkŋ	mʌr	in			titsbəstɛːk	xɒːnkəpɒət	də	in		strʊːt				rutn		pliʃə	kikt	nɑu	ɛkstra	χɑut	rɒː̃nt	təʋɑl	hɑi	dʏːr			lʌpt			zɪxt	hai	ɔp		hɑuk					løɟə	kɪrlcə	stʊːn		kɪrəlcə	ʋɪl	nɛt		n	stɑin	xʊin			zɪxt		plitsi	t	kɪrəlcə							plitsi	beslyt	ɔm		bɑidn	æː	tə	hɒln	mʌr				nait		zə	tə	pakŋ		
Vaals	ət	ɪʃ	ʃtɪl	ɔp	jən	ʃtʀɔəʃ			plœtsliç		bɛi	eː	fan	də	hus	hysəʀ					ən	fʀɑu	kʏmt	fəʃʀɛkt	əʀ	uːʃ		dɑt	ɪz		ɔç			jeːt	jʀaːt	dəʀ	jlɑːsəʀ	də	fʀɑu	fʀʊːçt	ɒf	hɪːʀ	də	ʀuːt	wɛlt			ɪ		kʊʀtə	tsit	jʏntkɑpɒt		ɪ	jən	ʃtʀɒəʃ	jɑns	fœːl	ʀut	ʀuːtə	dəʀ	pʊlis	pɑːst	nu	ɛkstʀa		ɔp	wɛn	hɪːʀ	dʏʀç			jeːt			siːt	hɪːʀ	ɔp		ɛk	fan	də	ʃtʀɒəʃ					ət	jʏ̃ŋʃə	wɪlt	çʀaːt		ənə	ʃteː	wɪʀpə	ɛfə	dʌnɒə	siːt	tɒ	pʊlis	ət	jʏŋʃə	tsəzaːmə	mɪt	dəʀ	jlɑːsəʀ	loːfə	dɒ	pʊlis	ɛntʃæitsɪʃ	œm				tsə	fəʀhɑftə		hət	fluçd	əm	nɪːt	œm	zə	tsə	pɑkə	tsə	kʀiə
Veenwouden	ət	ɪs	stɪl	ɔp		strɪtə	mɑr	dan	inɛː̃nn		bei	ɪː̃	fan	də	hus	huzn		ɡərɪŋkəl		ɡlæːs	ə	frɑu	stɑp	fəsxrɪkt	na	butn		dɑt	ɪs	nɔ̃	ɛk	təfɑləx	daː	rɛnt	krɛk	də	ɡlɛːsɛtər	də	frɑu	freihət				ryt			mɑr	ɪn		kuɑtskɔtʃə		rɛitʃəstɪkən	dər	ɪn	də			fɔlə	ryt	rytn	də	pliʃəmʌn	lɛt	nɑu	ɛkstrə	ɡuːt	ɔp	ʌt	ər	trʏx	də	strɪtn	rɪnt	mɑ	dan	ʃʏxt	ər	ɔp	də	hukə	fan	də	strɪːtə	ə	lits	jɔŋkjə		ət	jɔŋkjə	ʋɔl	krɛkt		ən	stɪːn	smitə	ɛfkəs	lɛtər	ʃyt	də	pliʃəman	ət	jɔŋkjə		mɛi	də	ɡlæːsɛtər	rɪnn	də	pliʃəmɑn	bəslyt			bɛidə	ɒː̃	tə	hɒːdn	mɑr	ət	lʏkt	hɪm	nɛt		sə	tə	pakən	tə	kræiə
Venray	ət	ɪʃ	ʃtɪl	ɔp		ʃtʀɒːt	mɛʀ		ɪnɛns	klɪŋk	bɪi	iːn	fɑn	də	hys	hyːs	ət	çəʀɪŋkəl	fɑn	çlɑs	ə	fʀɔməs	stapt	ɔndɔːn	nə	butə	hei	dʌt	ɪs	nɑu	ouk	stæʀk	dʊː	lɒp	kʀɛk	də	çlʌsætəʀ	də	fʀɒu	fʀɒːçt	ɒf	hɛi	də	ʀyt	wʏl	ʀepəʀɪːrə	maʀ	ɪn		kɒʀtən	tit	snøfələ	dəʀ	in	də	ʃtʀoːt	hiːl	føːl	ʀyt	ʀytə	də	plisi	lɛt	nɑu	ɛkstʀa	çut	ɔp	ɑs	hei	dʏːʀ	də	ʃtʀɒːtə	lœpt	maʀ	dɑn	sit	hei	ɔp		tɔŋ	fɑn	də	ʃtʀɒːt	ə	klɛin	jʏŋskə		ət	jʏŋskə	wʏlt	kʀɛk		ənə	stɪːn	smite	ifkəs	latəʀ	zit	də	plisi	ət	jʏŋskə	saːmə	mɪt	dɛ	çlɑsɛtəʀ	lɯəpə	də	plisi	bəslyt	ʏm	zə	ɑləbæi	an	tə	hɑldə	mɛʀ	ət	lʏkt	əm	ni		sə	tə	pɑkə	tə	kʀiçə
Veurne	t	ɪs	stɪlə	ɔp		strʌːtə	mɒ		ɒməkɪːr	kliŋkt	bi	ɪː̃	fan	d	ys	yzn	t	χəriŋkəl	fan	hlɑs		frɔmɛː̃s		ɛndəkɔlɛːrə	nɑ	bytn		dɑ	z		oːk	apɑst	dɒ	lɒpt	ʒystə	də	χlɒːzəsætər		frɔmɛː̃s	frʌːχt	ɒt	m	də	rytə	wɛlt	fəmɑːkŋ	mɒr					breːkŋ	dər	ɪn	də	strʌːtə	stɪf		rytə	rytn	də	pɒliʃə	læt			χuːt	ɔp	ɒt	m				lɒpt	mɒ	tunə	ziːt	m	ɔp		uk	fɑn	də	strʌːtə	ə	klɪːn	juŋəcə		t	juːncə	wɛlt	ʒystə		ə	stɪː̃	smitn	əbecə	lɒːtərə	ziːt	n	ɑhænt	t	juːncə	təhɒːrə	mæt	də	rytəmʌːkrə	loːpm	n	ɑhænt	hɒːt		sə	ɒlətwiə			pɑkŋ					ni		sə		pɑkŋ		
Vrouwenparochie	ət	ɪs	stɪl	ɔp		dik		dan	ɪneinn									ɡəreŋɡəl	fan		ə	frɑu	kɔmt		nɑ	bytn		dɑ	z		ɤuk	təfaləx	də	kɔmt	krɛk		ɡlɑsɛtər	də	frɑu	fraːxt	ɑ	hɛi	ət	ryt		repərɪːrə	mɑr							ɪn		straːt			ryt	rytn	də	pliʃə	lɛt	nɑu		ɣuːt	ɔp	ɑs	i				loupt	mɑr	dɑː̃	siːt	i							ə	klɑin	jɔŋki				ʋɪl		mɛt	ə	stein	ɡʊiə	ənhʏtʃə	laːtər	ziːt	də	pliʃə	ət	jɔŋki		mɛt	də	ɡlɑsɛtər	loupm	də	plisi									ət			nit	ɔm	zə	tə	pakŋ	tə	kræiə
Waubach	əd	ɪʃ	ʃtɪl	ɪ		ʃtʀɔːt	mɑ	dan	œpɪns	klɪŋk	bei	iː̃	fən	də	huːs	huːsəʀ	ət	çəʀiŋkəl	fa	çlaːs	ɪn	fʀɒu	kʏmt	wɪtfəʃʀɛk	na	buːtə		dɑt	ɪz	nə	ɤuk		dʊ	lʏp	çʀaːt		çlaːzənɪːʀ	də	fʀɒu	fʀʏç	ɒf		də	ʀuːt	wʏlt	mɑːkə	mɑ	en		kɒʀtə	tit	çɒnkɑpɒt		ɛn	də	ʃtʀɔːt			ʀut	fɛnstəʀə	dəʀ	plis	pɑst	nu	ækstʀa	çut	ɔp	wɛnt	hɪːʀ	dʏʀ	tə	ʃtʀɔːtə	ɡɪːt	mɑʀ	dan	siːt	hɪːʀ	ɔp		ɛk	fən	də	ʃtʀʊːt	ə		mɛnkə				wɪlt	çʀaːt		ənə	ʃteː	wæʀpə	çæ	laːtəʀ	siːt	dəʀ	plis	ət	jʏŋskə		mət	də	çlɑːzənɪːʀ	loːpə	dəʀ	plis	wʏl		sə	alətwiə	ɑː		hʌudə	mɑʀ				nɪt		sə	tə	pɑkə		
Wervershoof	hɛt	ɪs	stɪl	ɔp		strɛit			ɒpiː̃s		bɑi	iː̃	fɑnʲ	də				xərɪŋkəl		xlas	ə			fərskrɪkt	næ	baytə		da	s		ouk	stɛrk		lʌupt	nɛt		xlasɛtər			frʌːxt				xlas		mɑːkə	mʌr	ɪn												rɑːmə		pəl  ̴isi	kɑikt			xɯt	ayt	æʃ	i	dʏːr			lʌupt			sit	i	ɔp		huk				in	klɑin	jɔwɪ				wʏl	nɛt		ə	stiːn	xʊiə	ɛfis	lɑːtər	sit		pəlisi	ət	jɔwɪ		mɛt	də	xlasmɛiə	lʌupə	də	pəlisi	wɪl		zə	ɑlətwɑi			xrɑipə	mɑr				nit		sə	tə	pakən		
Westhoek	t	ɪs	stɪl	ɔp		dik	ma	dan	ɪneː̃s		bɛi	ein	fan	də	hyːs	hyːsn		ɡərɪŋkəl		ɡlaːs	n	frɑu	kɔmd	heilndɑlʌpstərnaːt		bytn	hei	dɑ	s		ouk	tufɑləx	dæː	loupt	krɛk	də	ɡlɑːsɛtər	də	frɑu	fraːxt	ɒf	hɛi		ryt				ɪn			tiːtbəstɛk	snøfələ	ər						ryt	rytn	də	plisi	lɛt	nɑu	ɛkstrə	ɡuːt	ʌp	ɑz	hɛi					mɑ	dan	siːt	i	ɔp	ə	huk	fan	də	straːt	ə	klɒin	jɔŋki		ət	jɔŋki	sɪl	krɛkt		ə	stein	xʊiə		dənaː	ʃiːt	də	plisiman	ət	jɔŋki	təɡaːr	mɛt	də	ɡlɑːsɛtər	loupm	də	plisimɑn	beslyt	ɔm		bɒidə	ɑn	tə	hɑːuən											
Westkapelle	ət	ɪs	stɪlə	ɔp		stræːtə	mɑ	dɑn	ɪniː̃s	klɪŋk	be	eː̃	wɑn	də	ys	yzn		χərɪŋkəl	fɑ	χlɒs	ə	frɑuə	stɑpt		nɛ	bytn		da	z	ny	oːk	tufʌləχ	dər	loup	nɛt		χlʌsætər	də	frɑuə	fræːχt	ɒf	m	də	rytə	wɪl	mæːkə	mɑ	ɛn		kɒrtə	tit	breikən							rytə	rytn	də	pəlizi	læt	nɯ		χut	ɔp	ʌt	m				loup	mɑ	dɑn	zit	m	ɔp	dən	uk	fʌn	də	straːtə	ən	klæin	juŋəcə		t	juncə	wʏl	næt		ə		χʊiə	əstaycə	læːtər	zit	də	pəlisi	ət	juŋəcə	sæːmə	mæt	də	χlʌsætər	loːpə	də	pəlisi	bəslyt	ɔm	sə	ʊləbæi	ɑnʲ	t	ɑun	mɑ				ni						
Workum	hət	ɪs	stɪl	ɔp		strɪtə	ma	dan	ɪniː̃s	klɪŋkt	bai	ɪː̃n	fan	də		hyzn		ɡərɪŋkəl	fan	ɡlɛːs	ə	frɑu	kɔmt	sxrɔkən	nɛi	bytn	hei	dɑt	ɪs		ɪk	tufʌləx	də	rɪnt	krɛkt		ɡlɛːsɛtər	də	frɑu	freiɡət			ət	ryt		mæitʃən	mɑr	in		kɒrtskɔfkə		snøfələ	dər	in	ə	strʏtə				rytn	də	pliʃə	lɛt	nau	ɛkstra	ɡuːt	ɔp	ʌz	hɛi	trʏ	də	strʏtə	rɪnt		dɛ	ʃyt	ər	ɔp	ə	hukə						jɔŋkjə		ət	jɔŋkjə	ʋɔl			ən	stiːn	ɡʊiə	ɛfkə	lɛtər	ʃɔxt	də	plizi				mai	də	ɡlɛːsɛtər		də	plisi	beslyt	ɔm		baidə	ʊː̃	tə	hɒːdn					nɛt			tə	pakŋ		kræiə
Zandvliet	t	ɪs	stɪl	ɔp	də	strɑːt						ɪː̃	fan	də		hœːzə	ət	çəriŋkəl	fan	çlas	ə	frau	kɔmt		nɑr	bœːtə		da	s	nɑu	oːk	tufɑləç	dɑː	lɒpt	ʃyst		çlʌːzəmʌːkər	də	frau	fraːçt	ɒf	hɛi	də	rœːt	wʏl	mʌːkə	mʌʀ					breːkə	dəʀ	ɪn	də	strɑːt	ɪːl	føːl		rœːtə	də	pɒlis	kæːkt			çu	rɔː̃nt	ɑlz	hɛi	dʊːr	də	strɑːtə	loupt	mɑr	dan	siːt	hɛi	ɔp	dən	huk	fən	də	strɑːt	ən	klæin	mɑnəkə				wyl	ʃyst		nə	stiːn	çʊiə	əmbicə	lɑːtər	ziːt	də	pɒlisi	ət	fɛncə	sʌːmə	mæt	də	çlʌːzəmʌːkər	loːpə	də	æçɪn	bəslɪst	ɔm	zə	bæːdən	ʊp	tə	pakə	mɑr				ni		zə	tə	pakə		kræːçə
Zevenhuizen	hɛt	ɪs	stɪl	ɔp	ə	strʊːt	mər		ɪnẽĩns	klɪŋkt	bɛi	ẽĩn	fan	də		hyzn	hɛt	dɪɣəln	fan	xlaːs	n	frɑu	stapt	fərɑldərɪːrt	nə	butn	heː	da	z		ɤuk	tufɑləx	dʊː	lɒp	nɛt		xlʊːzənzɛdər	də	frɑu	frɑxt	ɒf	ə	də	ryt	ʋɪl	mɒːkŋ	mər	in		kɒrtoɡŋblɪkjə		xɒːnaːndɪxəls	dər	in	də	strʊːt			ryt	rytn	də	plisi	kɪkt			xut		ɑz	də	dʏːr	də	strʊːtn	lʌpt	mɑr	dan	sɪxt	ər	ɔp	də	huk	fan	də	strʊːt	ən	klɛinə	jɔŋkjə	stɒːn					mɛt				eibm	lɔːtər	sɪxt	də	plisi	t	jʌŋkjə	sɔmm	mɛt	də	xlʊːzənzɛdər	lʌupm	də	pəlisi	ʋɪl		zə	bɛidn			pakŋ	mʌr	ət	lʏkt	həm	nit	ɔm	sə	tə	pakŋ		
Zierikzee	ət	ɪs	stɪl	ɔp			mʌ	dɑn			bi	ɪː̃	fɑn	də		yzn		χərɪŋkəl		χlɑs	ə	frɑːuə	stʌp	ɔndaːh	nɛ	bytə						tufɑləχ		lɒpt	nɛt		χlʌsætər	də	frɑuə	fræːχt	ɒf		də	rytə	wɪl	mæːkə	mʌr	ɪn	ə	kɒrtə	tit	snøfələ		ɪn	də	stræːtə			rytə	rytn	də	plisi	læt	nu	ækstra	χut	ɔp	ɑt	m	dʏːr			loupt	mʌ	dɑn	zit	m	ɔp	dən	uk	fɑn	də	stræːtə	ən	klain	fæncə							ən	kaːi				sit		plisi			sæːmə	mæt		χlʌsætər		də	pliʃə								mʌ		lœkt		ni	ɔm	zə	tə	pɑkə	tə	kriχən
Zwinderen	hɛt	ɪs	stɪl	ɔp	ə	strʌːt	mɑr		œpiː̃s						hus		hɛt	xərɪŋkəl		xlas	ə	frʌə	kɔmd		hɛn	butn		dɐt	ɪs		ɤuk	tufɑləx	dʌː		nɛt			də	frʌuə								ma					xʌːtkəpʌːt		ɪn	də	strʌːt			rutə	rutn	də	plitsi					ɔp			dʏːr			lʌp		dɑn	zœt	i	ɔp	də	huk	fɑn	də	strʌːt	ə		fɛndi	stɒːn			ʋʏl	nɛt	mɛt	n	stiːn	xʊin			zœt				fɛnti		be			loːpm				œm		bɛidə	ɑn	tə	hɒln	mɑ										
Appelscha	hɛd	ɪs	stɪl	ɔp		strʌːtə	mær		ɪnɪː̃s		bɛi	ein	fan	də		hyːsn			fa		ə	frau	kʌmt	ɔndʌːn	nɛ	bytn	hei	dæ	z	nʌ	oːk	tufaləx	də	lœp	jyst	də	xlæːzənsɛtər	də	frau	frʌːxt	ɒf	hɛi	də	rytə	ʋɪl	mæːkŋ	mær	ɪn		kɒrtə	tit	snøfələ	ər	ɪn	də	strʌːtə	hɪːl	fʌːl		rytn	də	plitsi	kikt			xut		əs	hɛi	dʏːr	də	strʌːtn	lœp	mæ	dæn	sit	i	ɔp	də	hukə	fan	də	strʌːtə	ən	klɛin	jɒxi			jɒxi	ʋɪl	nɛt		n	stiːnə	xɒin	eːbm	læːtər	sit	də	plisi	ət	jɒxi	sæːmm	mɛt	də	xlæːzənsɛtər		də	plisi	bəslyt	ɔm	hɛn		aː	tə	hɒːdn					nit		zə	tə	pakŋ		
Axel	t	ɪs	stɪl	ɔp		strʌːtə	mɑ	dɑn	ɔpɪː̃s		bi	ɪː̃	fɑn	d	ys	ysn		χəriŋkəl	fɑn	χlɑs	ə	frɑuə	kɔmt	ɪːləmɒːlfɑslaχ	nɑ	bytn	eː	da	z	nʊ	ʊk	tufɑləχ	dʊː	loːp	jyst	də	hlɑsætər	də	frɑuə	frɑːχt	ɒf	ti		raːm	wɪl	mʌːkŋ	mɑr	ɛn		kɒrtə	tit	snøfəln	dər	ɛn	də	strʌːtə		feː		raːmm	də	pʊlitsi	læt		ɛkstrə		ɔp	ɑt	i	dʏːr	də	strʌːtn	loːpt	mɑ	dɑ	sit	i	ɔp	dən	uk	fɑn	də	strʌːtə	ən	klɛin	fɛncə		t	fæncə	wɪl	næt		ə	stɪː̃	χʊin		dənɑː	sit	də	pʊlisi		jɔŋəcə	saːmm	met	də	hlɑsætər	loːpm	də	pʊlisi	bəslyt	ɔm	z	ɑləbæi	ɑn	t	ɑun	mʌ	t	lʏkt	əm	ni		zə	tə	pɑkŋ	tə	krihən
Budel	hət	ɪs	stɪl	ɔp		stʀɒət	mə	dɑn			bi	iː̃n	fɑn	də		huːsəʀ	ət	çəʀɪŋkəl	fɑn	ɡlɔɑs	ən	fʀɒu	kæmd		nə	buːtə	hɛ	dæ	s	nɤu		tufɑləç	dɑ	lœp	kʀɛk	də	çlʊːsætəʀ	də	fʀɒu	fʀʏçt	ɒf	i	də	ʀuːt	wʏl	mɑːkə	mɑʀ	ɪn		kɒʀtə	tiːt	snøfələ		ɪn	də	stʀɒət			ʀut	ʀuːtə	də	pəlisi	læt	nɒu	ækstʀə	çu	ɔp	as	i	dʏːʀ			lœp	mɑ	dɑn	ziːt	i	ɔp	də	hʊːk	fɑn	də	stʀɒət	ən	klæn	mænəkə			mænəkə	wʏl	jyst		ənə	kɛi	çɒiə	ɛfə	lɒːtəʀ	sit	də	plisi	ət	mænəkə		mɛi		çlɒːsætəʀ		də	plizi	wɪl		zə	ɑləbæi	ɒnʲ		hɑuə	mɑʀ	ət	lʏkt	əm	nɪːt	œm	zə	tə	pakə	tə	kʀiçə
Deerlijk	t	ɛs	stɛl	ɔp		strɒːtə	mɒ	tʊn	ɔmənəkɪr			ɛː̃nə	fɑn		ys	ysn		lɑwɔi	fɑn	hlɑs	ən	frəu	lœpt	ɛnpɑnik	næ	bytn		dɑ	mu			lækŋ		pəsirt	ʃyst		hlʌːzəmʌkər		frəu	frɒːht	ɒfdɑt	i		rytə	wɪl	fəmʌkŋ	mɒr	ɛn		nitfɪːl	tit	hʌːtkapɒt	ər	ɛn	də	strɒːtə		fɪːl	rytə	rytn	də	flik	læt	nu		hu	œp	ʌt	i	dʏːr			lʊpt	mʌ	tʊn	ziːt	i	ɔp		ɤuk	fan	də	strɒːtə	ən	klɪən	fɪncə			fɪncə	wɛl	ʒystə		nə	stɪːn	smɪtn	wɑ	lʌtər	ziːt	də	flik		fɪncə	təɒpə	mæt		hlʌːzəmʌkər		də	flik	bəslɛst	ɔm	z	ɒlətwɪ		tə	pɑkŋ	mʌ		lœkt	æm	ni	ɔm	zə	tə	pɑk		
Den Burg	hɛt	ɪs	stɪl	ɔp		strɪːt	mɑr		ɪniːns	klɪŋkt	bɛi	iːn	fɑ	də		hyzə		xərɪŋkəl		xlɑs	ən	frau	stap			bytə	hei						dɪː	loupt	nɛt		xlasɛtər	də	frau	fraːxt	ɒf	hɛi	də	ryt	ʋɪl	maːkə	mɑr	ɪn		kɒrtə	tiːt	breikə	ər	ɪn	də	strɪːt	hɪːl	fɪːl	ryt	rytə	də	ɑxɛnt	kikt	ny		xut		ɒs	hɛi	dʏːr	də	strɪːt	loupt	mɑ	dɑj	sit	i	ɔp	də	huk	fɑn	də	strɪːt	ən	klɛin	jɒxi				ʋɪl	nɛt		ə	stiːn	xʊiə	ɛfə	laːtər	sit	də	pəlisiɑxɛnt	ət	jɒxi	saːmə	mɛt	də	xlɑsɛtər	lɔːpə	də	ɑxɛnt	bəslyt	ɔm	sə	bɛidə	ɑn	tə	hauə	mɑr	ət	lʏkt	əm	nit						
Dendermonde	ət	ɪs	stɪl	ɔp		strɒt	mɒ		ɪniːnəkir	klɪŋk	bɛi	ɪː̃	fɑn	d	œːs	œːsə		çərɪŋkəl	fɑn	çlɑs	ə	frɑː	kɔm	fərʃçʊtə	nə	bœytn		dɑ	s		ɯk		də	lœp	ʃyst		çlɒːsəmɒːkər	də	frɑː	frɒːçt	ɒfdɑt	ə		çlɑs	wɪl	mɒːkə	mʌr	ɪn	n	kɛrtn	tæːt	snøfələn		ɪn	də	strɒːt	iːl	fɪːl		fɛː̃stərs	də	pʊlis	læt	nɑ		çud	ɔp	ɑs	m	dʏːr			loupt	mʌr	tæn	ziːt	m	ɔp	dən	uk	fɑn	də	strɒːt				stɒːn			wɪl	ʃyst		nə	stɪːn	smæːtn	əbɪcə	nɒdin	ziːt	də	pʊlis			sɒːmə	mæt		çlɒːsəmɒːkər	lʏpə	də	pʊlis	wɪl		sə	ɑlətwi	ɒːn		hɑrə	mɒr				ni		zə		pɑkə		
Didam	ət	ɪs	stɪl	ɔp		strʌːt	mʌ	dan	ɪnɛns	kliŋk	bei	ɪː̃	fan	də	hys	hyːzə	ət	çərɪŋkəl	fan	çlas	ə	frɑu	stɑpt	ɔndaːn	nɔ	bytə	hɛː	da	s	nʊː	oːk	tufɑləç	dʊː	loːp	jyst	də	çlasɛtər	də	frəu	frʏç	ɒf	heː	də	rytə	wɪl	rəpərɪːrə	mʌ	ɪn		kɒrtə	tit	snøfələ	ər	ɪn	də	strʌːt	hɪːl	fœːl	ryt	rytə	də	pəlitsiɑçɛnt	lɛt	nɒu	ɛkstrɑ	çuːt		ɑt	he	dʏːr			lœp	mʌr	danʲ	sʏt	he	ɔp	də	huk	fan	də	strʌːt	ən	klɛin	jʏŋskə		ət	jʏŋskə	wʏl	nɛt		ə	stiːn	çʊiə	ɛfkəs	laːtər	sʏt	də	pəlitsiɑçɛnt	ət	jʏŋskə	saːmə	mɛt	də	çlasætər	loːpə	də	ɑçɛnt	bəslyt	ɔm		bɛiə	æːn	tə	hɒːə	mʌr	ət	lʏkt	əm	niːt		z	tə	pɑkə	tə	kriçə
Diepenbeek	t	ɪs	stɪl	ɔp		stʀɔət	mɑ	dan		klɪŋkt	bɛi	eːn	fan	ə	hɒəs	hœːs		çəʀɪŋkəl	fa	çlɑːs		fʀʊmɛs	treːt	kəmpleːtfanhaʀkɑːt	nə	bɔətə		da	s	nɑu	oːç		dʊː	lœp	ʃyst		çlɑːzəmɑːkəʀ	də	fʀʌu	fʀʏçt	ɒf	he		fɪnstəʀ	wɪlt	mɑːkə		ɔp		kɒʀtn	tæːt					stʀɔət	hɪːl	fœːl		fɛnstəʀs	də	pəlis	læit	nɑ		çut	ɔp	ɑs	i				lœpt	mə	dan	sɪt	ɪ	ɔp		hok	fan	də	stʀʊːt	ə	klɛin	jʏŋskə		t	jʏŋskə	wɪlt	ʃyst		nə	steːn	çʊia	bicə	dəʀnɒː	sɪt	də	pəlɪs	ət	jʏŋskə	çəlɛik	bæ	də	çlɑːzəmɑːkəʀ	loːpə	də	pəlɪs	çɛt		s	ɑlətwi	ɔp		pakə	mei				nɛ			tə	ʃæːʀə		
Dokkum	ət	ɪs	stɪl	ɔp		straːt	ma	dan	ɪnɪː̃s	kl  ̴ɪŋk	bai	ɪː̃	fan	də	hys	hyzn	ət	ɡərɪŋkəl	fan	ɡl  ̴ɑs	ə	frau	kɔmt	ɔntdaːn	nar	bytn	hɛː	da	z	nau	oːk	tufaləx	dɛː	lʌp	jyst	də	ɡlɑːsman	də	frau	fraːxt				ryt		repərɪːrə	mar	ɪn		kɒːrtə	tit	snøfələ	dər			straːt	hɪːl	føːl	ryt	rytə	də	pliʃəman	l  ̴ɛt	nɑu	ɛkstrə	ɡuːt	ɔp	ɑt	hɛi	dʏːr	də	straːtn	loupt			siːt	hɛi	ɔp	də	hukə	fan	də	straːt	ən	kl  ̴ɛin	jɔŋkjə		ət	jɔŋkjə	ʋɪl	krɛkt		ə	stɪː̃	ɡʊiə	əskɒft	l  ̴aːtər	siːt	də	pliʃəmæn	ət	jɔŋkjə	təɡaːrə	mɛt	də	ɡlɑːsmæn		də	pliʃə	bəslyt	ɔm	sə	bɛidə	aːn	tə	haːuən	mar	ət	lœkt	əm	nit		sə	tə	pakŋ	tə	kræiən
Dordrecht	hət	ɪs	stɪl	ɔp		straːt	mar		əneins													frau			na	baytə	hei	dɑ	s			tufɑləx	daː	lɤupt			xlɑsɛtər	də	frau	fraːxt	ɒf	hɛi	də	rœyt	ʋɪl	maːkə	mɑr													raytə	də	ɑxɛnt	lɛt	ny	ɛkstrɑ	xut	ɔp	ɑls	hɛi	dʊːr	də	straːtə	lɤupt	ma	dɑn	sit	hɛi	ɔp	də	huk	fɑn	də	straːt	ən	klɛin	jɒxi		ət	jɒxi	ʋɪl	nɛt	mɛd	ə	stein	xʊiə			sit	də	ɑxɛnt	ət	jɒxi	saːmə	mɛt	də	xlɑsɛtər	lɤupə	də	ɑxɛnt	ʋɪl		zə				pɑkə	mɑr	ət	lʏkt	əm	nit			tə	pɑkə	tə	krɛixə
Eelde	t	ɪs	stɪl	ɔp		strʊːt	mʌ	dan	inãĩs	klɪŋk	bi	ain	fa	də	huːz	huːzn	ət	xərɪŋkəl	fa	xlaːs	ə	frau	stapt	ɔndɔːn	nɔ	butn	hei	da	s	nau	ouk	təfaləx	dʊː	lɒp	jyst	də	xlʊːzəzɛt	də	frau	frʊːxt	ɒf	ə	də	rut	ʋɪl	repərɪːrn	mʌ	ɪn		kœːrdə	tit	snøfəln	ɛr	ɪn	də	strʊːt	hayl	føːl	rut	rutn	də	jyːt	lɛt	nɑu	ɛkstra	xɑud	ɔp	ɑz	ə	dʏːr	də	strʊːtn	lʌp	ma	dan	zʏt	hɛi	ɔp	də	hɑuk	fan	də	strʊːt	ən	klɛin	jɔŋki		ɛt	jɔŋki	ʋɪl	nɛt		n	stɑin	xʊin	eibm	lɔːtər	sœt	də	jyːt	ət	jɔŋki	sʊːmm	mɛt	də	xlʊːzəzɛt	lɑupm	də	jyːt	bəslyt	ɔm		bɛidn	æː̃	tə	hɒːdn	mɒr	ət	lʏkt	əm	nait	ɔm	sə	tə			
Ermelo	hɛt	ɪs	stɪl	ɔp		strɔːt	mʌr		ənẽĩs	klɪŋkt	bi	ein	fan	də	hys	hyzə		xərɪŋkəl	fa	xlas	ə	frau	stɑpt	heiləmlytədun	nə	bytə	hei	dɑ	z		ɤk	tufɑləx	də	lʌp	jyst	də	xlʊːzəzɛtər	də	frau	fraːxt	ɒf	ti	də	ryt	ʋɪl	maːkə								ɪn	də	strɔːt			ryt	rytn	də	pliʃə		nɒn	ɛkstra			ɑz	i	dʏːr	də	strʊːtə	lʌupt	mə	dɑn	zit	i	ɔp	tə	huk	fan	də	strʊːt	ə	klɛin	fɛncə		ət	fɛ̃ncə	ʋɪl	nɛt		ə	stei	smitə	ɛfə	lɒːtər	zit		plitsimɑn	ət	fɛncə	saːmə	mɛt	də	xlʊːzəzɛtər	lɑupə		pliʃəmɑn	bəslyt	ɔm	sə	ɑləbɛi	ɑn	tə	hauə	mər	ət	lœkt	əm	nit		sə	tə			krixə
Eys	ət	ɪʃ	ʃtɪl	ɔp		ʃtʀɒət	mʌ	dan	ʏpɛns	klɪŋkt	bei	eː̃	fən	də		huːzəʀ		çəʀɪŋkəl	fɑ	çlaːs	ən	fʀɒu	kʏmə	çɑnsuəthyskə	nə	buːtə	hei	dʌt	ɪs	nɯ		tufɑləç	dʊː	lœp	jyst	də	çlaːsætəʀ	də	fʀɒu	fʀʊːçt	ɒf	hɪːʀ	də	ʀuːt	wʏl	mɑːkə	mʌ	ɛn		kɒʀtə	tit	vʀɛkə		ɛn	də	ʃtʀɒət				ʀuːtə	dəʀ	pəlis	læt	nʏ	ækstʀə	çʊd	ɔp	wɛnt	ə	dʏ	də	ʃtʀɒətə	lœpt	ma	dan	siːt	əʀ	ɔp		ɛk	fən	də	ʃtʀɒət					ət	jœŋskə	wʏl	jys		ənə	ʃtei	wæʀpə	ɛfə	laːtəʀ	siːt	dəʀ	pəlis	ət	jʏŋskə	saːmə	mɛt	də	çlaːsætəʀ	loːpə	dəʀ	pəlis	bəʃlyt		sə	ɑlətwɪ	aː	tə	hɒːtə	maʀ	ət	lœkt	əm	nɪt	œm	sə	tə	ʃnɑpə		
Finsterwolde	t	ɪs	stɪl	ɔp		strʊːtə	mʌ	dɛn	ɪnɒ̃ĩs	klɪŋkt								xərɪŋkəl		xlas	ə	fraːu	kɔmt	fəsxrɪkt	nɒ	butn		dɑ	z		ɤuk	tufaləx	dʊː	lɒp	nɛt	də	xlasɛtər	də	fraːu	frɑːxt	ɒf	hɑi		rʊːm	ʋɪl	mɒkŋ	mʌr	ɪn		kœːrtə	tit	snøfəln	də					føːl		rɒmm	də	ɑxɛː̃nt	lɛt	nɑu	ɛkstrə	xɑud	ɔp	az	hɑi	dʏːr	də	strʊːtn	lʌpt	mʌr	dɛn	sʏxt	hɑi	ɔp	də	hɑukə	fɑn	t	strʊːtə							ʋɪl	nɛd		n	stɒinə	xɤin	eibm	lʊːtər	sʏxt	d	ɑxɛː̃nt			sʊːmm	mɛt	də	xlasɛtər	lʌupm	d	axɛː̃nt	bəslut	ɔm	sə	ɑːlbɑːidə	æː̃	tə	hɒːdn	mʌr	t	lʏkt	hɒm	nɒit	ɔm	zə	tə	pakŋ	tə	kriɡŋ
Gavere	t	ɑs	stɪl	ɔp		strʊitə	mʌr	tɔθ	ɪneːnəkir	klɪŋkt	bei	ɪː̃	fɑn	d	œːs	œːzn	t	χərɛŋkəl	fɑn	χlʊːs	ə	frɑː	stɑpt		nɑr	bœitn		dʌt	æs	nʌ	ɯk		dər	lœpt	ʃyst		χlʊːsəmʌːkər		mɑdɑm	frɒːχt	ɒfdɑt	ə		rœːtə	wɛlt	mɒkŋ	mʌr	œp		kœrtn	tæːt		dər	ɛn		strʊit	friː			rœːtn	də	ʃɑndɑrm	kɛk	nɑ		χɯt		ʊst	i	dʏːr	də	strʊitn	lʏpt	mər	tʊːs	ziːt	i	ɔp	dən	huk	fɑn	də	strɒitə	ə	klɛːn	mɑnəkə			mɑnəkə		ʃyst		nə	stɪːn	smætn		dərɑχtər	ziːt	də	ʒɑndɑrm		mɑnəkə	typə	mɪt	də	χlʊːsəmʌːkər	løpm	də	ʒɑndɑrm	bəslɪːst	fʏ	s	ɑlətwiə	ɔp	tə	pɑkŋ	mər	t	lœkt	æm	nit	fʏr	zə	tə	fʌstə	tə	stækŋ
Geraardsbergen	t	ɪs	stɪləkis	ɔp		strʊːtə	mʌr		ɑː̃mənəkir						ɒːs			χəlɒːt	fɑ	χlɑs		frɑː						dɑ	mu	nœy	ɯk	lʏkə		lʏpt			xlʊːzəmɑrʃɑn		frɑː	frʊːxt	ɒfdɑt	m		rɒːtə	wɪl	mʊːkən	mɑr					χɒtkɑpɔt									də	ʒɑmpætər						ɑst	m	dʊːr			lʏpt	mʌr	tys	sit	ɛ	ɔp		uk	fɑn	t	strɒːtə	ə						wɑsfɑzɪniʃ					smɒtn	ənbɪcə	lʊːtər	zit		ʒɑmpætər				mɛt		xlʊːzəmɑrʃɑn	løpm	də	ʃɑmpætər		fɒ	z	ɑlətwi	ʊːn	t	hɑːn	ma										
Grijpskerk	t	ɪs	stɪl	ɔp		strʌːt	ma	dan	ɪneː̃ĩs	klɪŋkt	bɛi	ẽĩ	fan	də	hyːs	hyːzn		xərɪŋkəl	fa	xlaːs	ə	frɑu	stapt	ɔndɔːn	na	bytn	hei	dʌ	z	nʌ	ɒk	tufɑləx	dʊː	lɒp	jyst	də	xlasɛtər	də	frɑu	frɒːxt	ɒf	hɛi	də	rut	ʋʏl	mɒkŋ	mʌr	ɪn		kɒrdə	tit	snøfəln	ə	ɪː̃	də	strɒːt	høːl	føːl		rut	də	pəlitsi	lɛt			xʊt	ɔp	az	hɛi	dʊːr	də	strɒːtn	lɒpt	mar		sit	hɛi	ɔp	də	huk	fan	də	strɒːt	ə	lʏ	jɔŋkjə		hɛt	jɔŋkjə	ʋʏl	nɛt		n	steːn	xʊin	ebm	lʌːtər	sɪxt	də	pəlɪtsi	het	jɔŋkjə	sʌːmm	mɛt	də	xlasɛtər	loupm	də	pəlɪtsi	bəslyt		hɛn	bæidn	aː̃	tə	hɒln	mɑr	ət	lʏkt	hɛm	nɪt	ɔ̃m	zə	tə	pɑkŋ	tə	kriɡŋ
Groenlo	t	ɪs	stɪl	ɔp		stʀʌːtə	mɑ	dan	ɪnɛns	klɪŋk	bei	ẽĩ	fan	də		hyːsəʀ		xəʀɪŋkəl	fa	xlas		fʀɒuə	kʏmp	ɔndʌːn	nə	bytn	hɪː	da	s			tufaləx	dɔː	lʏp	jyst		xlasɛtəʀ	də	fʀɒuə	fʀœx	ɒf	hɪː	də	ʀytə	ʋʏ	mɒkŋ	mʌ	ɪn				snøfələn	dəʀ	ɪn	də	stʀɒːtə			ʀytə	ʀytn	də	bɒlə	lɛt	nɒu	ɛkstʀa	xʊd	ɔp	əs	i	dʏːʀ			lœp	mə	dan	sœt	i	ɔp			fan	də	stʀɒːtə	ən	klɛin	mɛnəkə				ʋʏl	nɛt		ə	steːn	smitə	ɛfkəs	lʌtəʀ	zʏt	də	bɒlə	ət	mɛnəkə	saːmm	mɛt	də	xlɑsɛtəʀ	loːpm	də	bɒlə		ɔm	zə		ɑn	t	hɒln					neːt		sə	tə	pakŋ		
Grolloo	hɛt	ɪs	stɪl	ɔp		straːt	mɑ	dɑ	ɪnɪː̃s	klɪŋkt	bɛi	ɪː̃	fan	də	hyːs	hyzn	hɛt	xərɪŋkəl	fan	xlas	ə	frɑu	stɑpt	fənslax	nɑ	bytn	hei	da	z	nau	oːk	tʊfaləx	dʌː	lʌp	jyst	də	xlasɛtər	də	məfrɑu	frʌx	ɒf	ə	də	ryt	wʏl	mɑkŋ	mʌr	ɪn		kœrtə	tit	snøfəln	dər	ɪn	də	straːt	hiːl	fœl	ryt	rytn	də	pəlisiɑxɛː̃t	lɛt	nɑu	ɛkstra	xud	ɔp	as	ə	dʏːr	də	straːtn	lʌp	mɑ	dan	sœt	ə	ɔp	də	huk	fan	də	strʌːt	ən	klɛin	jɔŋki		hɛt	jɔŋki	wʏl	nɛd		n	steːn	xʊin	eːbm	lʌːtər	sœt	də	pəlisiɑxɛː̃t	ət	jɔŋki	sɑːmm	mɛt	də	xlasɛtər	lʌupm	də	axɛː̃t	bəslœt	ɔm		bɛidn	ɑn	tə	hɒln	mʌr	ət	lʏkt		nit	ɔ̃m	sə	tə	pɑkŋ	tə	kriɡŋ
Grouw	ət	ɪs	stɪl	ɔp		strɪtə			ɪniːnn	klɪŋkt	bai	iː̃	fan	də	huːs	hyzn	ət	rɪŋklən	fan	ɡl  ̴ɛːs	ə	frau	stapt	ʊndɪː̃	na	butn	hei	dat	ɪs				da	rɪnt	krɛkt	də	ɡlɛːsɛtər	də	frɑu	freixət	ɒf	hɛi	ət	ryt	ʋɒl	mɑitʃə	mɑr	ɪn		kuɑtə	tiːt	ɡɪːnstɪkŋ	dər	ɪn	də	strɪtə			ryt	rytn	də	pliʃəman				ɡuːt		ɑt	hɛi	trɒx	də		rɪnt	ma	dan	ʃʏxt	ər	ɔp	də	hukə	fan	də	strɪtə	ə̃				ət	jɔŋkjə	ʋɔl	krɛkt		n	stiː̃	ɡʊiə	ɛfkəs	lɛtər	ʃɔxt	də	pliʃəmɑn	ət	jɔŋkjə	təɡɛrə	mɑi	də	ɡl  ̴ɛːsɛtər	rɪnn	də	pliʃəmɑn	bəslyt		harn	bɑidn	ʊːn	tə	hɒːdn	mɑ	ət	slɑxət	əm	nɛt		sə	tə	pakŋ	tə	kræiən
Heerewaarden	ət	ɪs	stɪl	ɔp		stʀʌːt	mɑʀ	dɑn	nɪns		bɑi	ein	fɑn	də		hayzə		çəʀɪŋkəl		çlɑs	ə		stɑpt		nʏ	baytə	hei	dæ	s	nau	ouk	tufɑləç	dɒː	lɒp			çlɑːzætəʀ			fʀɒːçt	ɒf	ti		ʀɒːm	wɪl	maːkə	mɑʀ	ɪn		kɒʀtə	tait	çɒːnkəpɒt	ə	ɪn	ə	stʀʌːt				ʀɒːmə	də	plisi	kɛk	nɑu	ɛkstʀa	çut	ʀɒnt	ɛs	i	dʏːʀ	də	stʀʌːtə	lɒpt	mɑʀ	dɑn	sit	i	ɔp	dən	uk	fʌn	də	stʀɒːt	ə	klɛːn	mɛnəkə		ət	jʏŋskə	wɪl	næt		ənə	steːn	çʊiə	ɛfə	lʌːtəʀ	zit	də	plisi	ət	mɛnəkə	saːmə	mɪt	də	çlɑːzætəʀ	loupə	də	plisi	bəslœt	ɔm	zə	ɑləbæi	ʌːn	tə	hauə	mɑʀ	t	lʏkt	əm	ni		zə	tə	pɑkə	tə	kʀæiçə
Hoeven	t	ɪs	stɪl	ɔp		stʀɑːt	mɑ	dɑn	əneː̃s	kliŋk	bai	ɪːn	fɑn	də	hɑys	hayzə	ət	çəʀiŋkəl	fɑn	çlɑs	ə	fʀɑu	stɑpt	ɔndʌːn	na	baytə	hei	dɑ	s	nɑu	ouk	tufɑləç	dʌː	loupt		də	çlɑsætəʀ		fʀɑu	fʀɑːçt	ɒf	hɛi	də	ʀɑyt	wɪl	mɑːkən	mɑ	ɪn		kɒʀtə	tait	snəøfələ	ɛʀ	ɪn	də	stʀɑːt	hiːl	fœl		ʀɑytə	də	pəlisi	lɛt	ny	ɛkstʀɑ	çut	ɔp	ɑls	ti	dʊːʀ			lɤupt	mɑ	dɑn	sit	i	ɔp	d	huk	fɑn	də	stʀʌːt	ə	klɛin	mɑnəkə				wɪl		me	nə	steːnə	çʊiə	ɛfə	lɑːtəʀ	zit	də	pəlisi	ət	mɑnəkə	saːmə	met	də	çlɑsəzɛtəʀ	lɤupə	də	pəlisi	bəslɑyt	ɔm		baidə	ɑːn	tə	hɑuə	mɑʀ	ət	lʏkt	əm	ni		zə	tə	pɑkə		
Hollum	ət	ɪs	stɪl	ɔp		straːt	mɐ	dɑn	əniː̃s	klɪŋkt	bœi	ɪː̃	fan	də	hys			ɡərɪŋkəl		ɡlɑs	ə	frɑu	stɑpt	skrɒkə	na	bytə	hei	dat	ɪs	nau	ouk	tufɑləx	dɪː	kɔmt	nɛt	də	ɡlaːzəsɛtər	də	frɑu	fraːxt	ɔf	hɛi	ət	ryt	ʋʏl	maːkə	mar	ɪn		kɒrtə	tiːt		ər	ɪn	də	straːt			ryt	raːmə	də	pəlisi	lɛt	nɑu	ɛkstra	ɡuːt	ɔp	ɑls	hɛi	dʏːr	də	straːtə	loupt	mɐ	dɑn	sit	i	ɔp	də	huk	fan	də	straːt	ə	klɛih	jɔəcə		ət	jɔŋəcə	ʋɪl	nɛt		ə	stiːn	ɡʊiə	ɛfkəs	laːtər	sit	də	plisi	ət	jɔəcə		mɛt	də	ɡlaːzəsɛtər	loupə	də	plisi	ʋɪl		sə		aːn		hauə	mar				nit		sə	tə	pɑkən		
Horn	əd	ɪʃ	ʃtɪl	ɔp		ʃtʀɒːt	mɑ	dæn	ɪnɛns	klɪŋkt	bi	ein	fɑn	dəʀ	huːs	huːzəʀ	ət	çəʀɪŋkəl	fɑn	çlaːs	ein	fʀɒu	ʃtɑpt		nɑ	buːtə	heː	dæ	s	nʊ	ouk	tufɑləç	dʌː	lœp	nɛt	də	çlaːzəzætəʀ	də	fʀɒu	fʀøːʃ	ɒf	hɛi	də	ʀuːt	wʏlt	maːkə	mɑʀ	ɛn		kɒʀtə	tiːt	ʃnøfələ	dəʀ	ɛn	də	ʃtʀɒːt	hiːl	fœːl	ʀut	ʀuːtə	də	pliʃeçænt	let	nu	ækstʀə	çʊːd	ɔp	æs	hɛ	dʊːʀ	də	ʃtʀɒːtə	lœpt	ma	dan	zyt	əʀ	ɔp	ə	huːk	fɑn		ʃtʀɒːt	ɛn	klɛin	jʏŋskə		ə	jʏŋskə	wʏlt	næt		ənə	ʃtein	çʊiə	ɑfə	laːtəʀ	zyt	də	pliʃeçænt	ət	jʏŋskə	saːmm	mət	də	çlaːzəzætəʀ	l  ̴oupə	də	ɑçænt	bəʃlyt		zə		aːn	tə	hɒiə	maːʀ	ət	lʏkt	əm	nɪːt	ɔm	zə	tə	pɑkə	tə	kʀiçə
Houthulst	t	ɪs	stɪlə	œp		strɒːtə	mɒ	tɯnə	ɔməkir	kliŋkt	bi	ɪːn	fɑn	d	ys	yzn	t	χəriŋkəl	fɑn	hlɑs		frɒumɛː̃s	kɔmt	ʌntɔːn	nɒ	bytn	ɛ	dʌ	z	nʏ	oːk	tufʌləç		lɒpt	ʃystə	də	hlʊːzəmʌːkər		frɒumɛː̃s	frɑːχt	ɒfdɑt	m	də	rytə	wɛlt	fəmʌːkŋ	mɒ	ɛn	ən	kɒrtn	tit	snøfəln	dər	ɛn	də	strɒːtə			rytə	rytn	də	flik	læt	ny			œp	ɒt	m	dʏːr			lɒpt	mɒ	tun	siːt	m	œp		uk	fɑn	də	strɒːtə	ə	klɪːn	jʊŋəcə			jʊŋəcə	wɛlt	ʃystə		ə	stɪːn	smɪtn	əbɪcə	lɒːtər	siːt	də	flɪk	t	juŋəcə	toːpə	mæt	də	hlʊːzəmʌːkər	loːpm	də	flɪk	bəslyt	fə	z	ɒlətwɪə	ɑn	t	ʊn	mɒ	t	lʏkt	æm	ni		sə	tə	pɑkŋ		
Huizen	hɛt	ɪs	stɪl	ɔp		strɪːt	mɑ	dɑn	ɪneins	klɪŋk	bɛi	ein	fɑn	də	hays		hɛt	xərɪŋkəl	fɑ	xlas	ən			ɔndɪːn	na	baytə	hei	da	z		ɤuk		dɪː	loupt			rɪːməsɪtər			fraːxt	ɒf	hɛi		rɪːm	ʋɪlə	mɑːkə	mɑr	ɪn		kɒrtə	tɛit	xɪːnkɑpɒt	ər					fʏːl		rɪːmə	də	pəlisi	kɛikt					ɑlz	i	dʏːr			loːpt	mɑ	dɑnʲ	sit	i	ɔp	də	huk	fɑn	də	strɪːt	ən	klɛin	jɔŋəcə				ʋʏl	nɛt	mɛt	ə	steːn	xʊiə	ɛfə	lɪːtər	sit		pəlitsi		jɔŋəcə	saːmə	mɛt	də	xlasɛtər	loːpə	də	pʊlisi	xɪːt			bæidə			ɪnhʏnkraːxfɑtə	mʌr	ət	lʏkt	əm	næit		sə	tə	pɑkə	tə	krɛixə
IJmuiden	hɛt	ɪs	stɪl	ɔp		straːt			plɔtsəlɪŋ	klɪŋkt	bɛi	ein	fɑn	də	hays	haysə		xərɪŋkəl		xlɑs	ə	məfrau	stɑpt	hefəxəsxrɔkə	nɑ	bœytə		dɑ	s			tufɑləx	daː	loupt		də	xlʌsɛtəɻ	də	məfrau	fraːxt	ɒf	hɛi		raːm	ʋɪl	maːkə		ɪn	ən	kɒrtə	tɛit	xaːnkəpɒt						fɪːl		raːmə	də	ɑxɛnt			ɛkstra	xut	ɔp								dɑn	sit	hɛi	ɔp	də	huk				ən	klɛin	bɪŋkjə	staːnʲ			ʋɪl	nɛt		ə	stein	xɤiə	ʋɑt	laːtər	sit	də	ɑxɛnt	hɛt	bɪŋki	saːmə	mɛt	də	xlɑsɛtər	loupə	də	pəlitsimɑnʲ								mɑr	hɛt	lʏkt	hɛm	nit	ɔm	sə	tə	pɑkə	tə	krɛixə
IJsselmuiden	t	ɪs	stɪl	ɔp		stʀʌːtə	mɑ	dɑn	ɪnɪː̃s		bei	ɪː̃	fɑn	də	hys	hyzn	hət	xəʀɪŋkəl	fɑn	xlɑs	ə	fʀɑuə	kʏmp	ɔntdɒːn	nə	bytn	hɪi	dæ	z	nau	oːk	tufɑləx	dɑ	lʌp	nɛt	də	xlɑsɛtəʀ	də	fʀɑuə	fʀœx	ɒf	ə	də	ʀytə	ʋʏl	ʀepəʀɪːʀn	ma	ɪn		kɑʀtə	tit	snøfəln	dəʀ	ɪn	də	stʀʌːt			ʀytə	ʀytn	də	plisiɑxɛnt	læt	nɑu	ækstʀa	xut	ɔp	ʌs	i	dʏːʀ	də	stʀʌːtn	lœp	ma	dɑn	sœt	ə	ɔp	də	huk	fɑn	də	stʀʌːt							ʋʏl	nɛt		ə	steːn	xʊin	eːbm	laːtəʀ	zœt	də	plisiɑxɛnt			saːmm	mɛt	də	xlɑsɛtəʀ	lʌupm	d	ɑxɛnt	bəslœt	œm	sə	ɑləbai	ɑn	t	hɒln	maːʀ	ət	lʏkt	əm	nit		sə	tə	pɑkŋ	tə	kʀiɡŋ
Itegem	t	ɪs	stil	ɔp		strɑːt	mɒ	dɑn	ɪnɪː̃s						hɔəs					çlɑs		fraː	kɔmt	hɪləmɑlɑː̃çədɑː̃	nə	bɔətə		dɑ	z	nɛ			dɒ	lœp	ʃyst	də	çlɑːzəmɑːkər		fraː	frʌːçt	ɒfdɑt	m		rɒət		mʌːkə	mɒ					çɑnkɑpɒt	dər	ɪn	t	strɑːt	hɪːl			rɒətə	də	pɒlis	kekt	nɑu				ɑs	m	dʏːr			lœpt	mə	dɑn	siːt	m	ɔp	dən	uk	fɑn	t	strʌːt							wɪl	ʃyst		nə	stɪːn	smæːtə	əbekə	lʌːtər	ziːt				juəskə	sɑːmə	mɛt	də	çlɑːzəmɑːkər	lɤːpə	də	pɒlis	çʌːt		sə	aləbæː			pakə	mə										
Jubbega	ət	ɪs	stɪl	ɔp		strɪtə			ɪ̃iː̃s		bai	ɪː̃	fan	də	hys	hyzn		ɡərɪŋkəl	fan		ə	frau	rɛnt	srʌkŋ	na	butn							dɛː	rɪnt	krɛk		ɡlɛːsəsɛtər	də	frau	freixət	ɒf	hɛi		ɡlɛːs	ʋɒl	mɑitʃə	mɑ	ɪn		kuɑtə	tiət	ɡɪnstɪkŋ	ər							ɡlɛːzn	də	pliʃə	lɛt	nə	ɛkstra	ɡuːt	ɔp	ɑs	hɛi	trɒx	də	strɛtn	rɪnt		dɑn	ʃʏxt	ər	ɔp	də	hukə	fan	də	strɪtə	ən	lits	jɔŋkjə	stɪː̃n	ət	jɔŋkjə	ʋɔl	krɛk		n	stiː	ɡʊiə	eifkəs	lɛtər	ʃœt	də	pliʃə	ət	jɔŋkjə	saːmm	mɛi	də	ɡlɛːsəsɛtər	rɪnn	də	pliʃə	bəslyt	ɔm		ɑləbɛi	ɑn	tə	hɑːdn	mar	ət			nɛt						
Kampen	ət	ɪs	stɪl	ɔp		stʀʌːtə	mɑ	dɑn	ɪneː̃s	klɪŋk	bi	eːnə	fɑn	də	hys	hyzə	hət	xəʀɪŋkəl	fɑn	xlɑs	ə	fʀɑuə	stɑpt	ɔntdɔːn	nə	bytn	həː	dæ	s		ok	tufɑləx	dʌ	lœp	jyst	də	xlaːzəkɪːʀəl	də	fʀɑuə	fʀœx	ɒf	i	də	ʀytə	ʋɪl	mɒkŋ	mɑʀ	ɪn		kɒʀtə	tit	snøfəln	ɛʀ	ɪn	də	stʀʌːtə	hiːl	fʏːlə	ʀytə	ʀytn	də	pʊlisi			ɛkstʀa	xut	ɔp							ma	dɑn	sit	i	ɔp			fɑn	də	stʀʌːtə	ə	klɛin	jɔŋxi		ət	jɔŋxi	ʋɪl	jyst		ə	steːnə	xʊin	iːbm	laːtəʀ	sit	də	pəlisi	t	jɔŋxin	saːmm	mɛt	də	xlɒːzəkɪːʀl	loːpm	də	pəlisi	bəslœts	ɔm		bɛidn	ɑn	tə	hɒln	mæːʀ	ət	lʏkt	həm	nit	œm	sə	tə	pɑkŋ	tə	kʀiɡŋ
Kerkrade	əd	ɪʃ	ʃtɛl	ɔp		ʃtʀɔəʃ	mɑ	dan	ɪnɛns	klɪŋkt	bei	ɪː	fan	də	huːs	hyːsəʀ	ət	çəʀɪŋkəl	fɑn	jlaːs	ɪn	fʀʌu	ʃtɑpt	ɛntsɛtst	nɒ	buːsə		dɑt	ɛs			soufæləç		lyft	çʀaːt		ʀuːtsɛtsəʀ	də	fʀʌu	fʀɒd	ɒf	hɪːʀ	də	ʀuːt		mɑːkə	mɑʀ	ɛn	ən	kɒʀtə	tsit	ʃnøfələ		ɪ	jɪn	ʃtʀɔəʃ			ʀut	ʀuːtə	dəʀ	pəlis	pɑst	nun			ɔp	wɛnt	hɪːʀ	dœʀç			lʏpt	mɑːʀ	dɑ	ziːt	əʀ	ɔp		ɛk	fan		ʃtʀɔəʃ	ɛ	klɛin	jʏŋʃə	stʊə	ɛt	jʏŋʃə	wɒl	çʀaːt		ənə	ʃteː	wæʀpə		ʃpiːdəʀ	zɪːt	dəʀ	pəlis	ət	jʏŋkə	tsəsɑːmə	mæt	dəʀ	jlɑːsætsəʀ	loːfə	dəʀ	pəlis	bəʃlyt	œm	di	tswɑi	aː	tə	hʊːdə	mɑːʀ	d	lœkt	əm	nɪt	œm	sə	tsə	pɑkə	tə	kʀi
Koekange	t	ɪs	stɪl	ɔp		strʌːtə	ma	dan	ɪniː̃s	klɪŋkt	bei	iː̃	fan	də	hys	hyːzn		xərɪŋkəl	fa	xlas	ə	frɑuə	stɑpt	ɔntdɔːnə	nə	bytn	hɪː	da	z			tufɑləx	də	kʏm		də	xlaːznzɛtər	də	frɑuə	frœx	ɒf	hɛi	də	rutə	wʏl	maːkŋ	maːr	ɪn		kɒrtə	tit	xɒːtkəpɒt	ə						rutə	rutn	də	ʋikaxɛnt			ɛkstrə			ɑlz	he	dʏːr			lœp	ma	dan	sɛt	he	ɔp	də	huk	fan	də	strʌːdə	ən	klɛin	jɒxi		ət	jɒxi	wɪl	nɛt	mɛt	n	steːn	xʊin	iːbm	laːtər	sɛt	də	ʋikaxɛnt	hɛt	jɒxi	saːmm	mɛt	də	xlaːsəsɛtər	loːpm	də	ʋikaxɛnt	bəslœt	œm	zə	bɛidn	an	tə	hɒln	mar	ət	lʏkt	əm	nit		sə	tə	pɑkŋ	tə	kriɡŋ
Kudelstaart	t	ɪs	rʏstəx	ɔp		straːt		danʲ	ɪneins	klɪŋk	bɛi	eː	fɑnʲ	də	hays	haysə		xərɪŋkəl	fɑ	xlɑs	ə	frau	stɑpt	xəsxrɔkə	na	baytə		dɑt	ɪz		ouk	tufɑləx	daː			də	xlɑsɛtər	də	məfrau	fraːxt	ɒf	hɛi		raːm	ʋɪl	repɑrɪːrə	maːr	ɪn		kʊrtə	tɛit	snøfələn	ɛr	ɪn	də	straːt	hɪːl	fɪːl		raːmən	də	pəlitsiɑxɛnt	lɛt	ny	ɛkstra	xut	ɔp	ɑls	hɛi	dʊːr	də	straːtən	loupt		dʌnʲ	sit	hɛi	ɔp	də	huk	fɑnʲ	də	straːt	ən	klɛin	jɔŋəcə		hɛt	jɔŋəcə	ʋɪl	nɛt		ə	stein	xɤiə	eifə	laːtər	sit	də	pəlitsiɑxɛnt	hɛt	jɔŋəcə	saːmə	mɛt	də	xlɑsɛtər	lɑupən	də	ɑxɛnt	bəslœyt	ɔm	zə	ɑləbɛi	æːn	tə	hɑudən	mar	ət	lʏkt	əm	nit	ɔm	sə	tə	pɑkə		
Laren	həd	ɪs	stɪl	ɔp		strʌːtə	ma	dan	ɪnɛns	klɪŋk	bi	eː̃	fan	də	hys	hyzə	ət	xərɪŋkəl	fɑ	xlas	ə	frɑuə	stapt	hɪːlməlfandəʋizə	nə	bytn	heː	da	z	nu	oːk		dɒː	lœpt		də	xlasɛtər	də	frɑuə	frœx	ɒf	ə	də	rutə	ʋʏl	maːkŋ	mar	ɪn		kɒrtə	tit	xɒːtɑndɪxələ	ə	ɪn	də	strʌːt			rutə	rutn	də	pʊlitsiɑxɛnt		nu			ɔp	as	ə	dʏːr	də	strʌːtə	lœp	mɑ	dan	sœt	ə	ɔp	t	hoːk	fan	də	strʌːtə	ən	klɛin	kɪɛlcə		ət	kɛːlcə	ʋɪl	nɛt		n	steːn	xʊin	ɛfən	laːtər	sœt	də	axɛnt	hət	jʏŋskə	saːmm	mɛt	də	xlasɛtər	lɔːpm	də	ɑxɛnt	bəslœt	œm	zə	bɛidə	ɑn	tə	hɒln	mɑr	ət	lʏkt	əm	ni		sə	tə	pɑkŋ	tə	kriɡŋ
Leersum	hɛt	ɪs	stɪl	ɔp		straː		dan		klɪŋkt								xərɪŋkəl	fɑn	xlɑs	ə	frɑu	kɔmt	heːləmɑːlfəslɑx	nɑ	baytə	hei	dɑ	s	nau		tufɑləx	daː	lɤupt		də	xlaːzəsɛtər	də	frɑu	fraːxt	ɒf	hɛi	də	rayt		maːkə	ma	ɪn		kɒrtə	tæit	xaːnstʏk	ə					fɪːl		raytə	də	pəlitsiɑxɛnt	lɛt	ny	ɛkstra	xut	ɔp	ɑs	hɛi	dʊːr	də	straːtə	lɤupt	mæ	dɑn	sit	hɛi	ɔp	də	huk	fɑn	də	straːt	ən	klɛin	jɔŋəcə		hɛt	jʌŋəcə	ʋɪl	nɛt		ə	stein	xʊiə	eifə	laːtər	sit	də	pəlitsiɑxɛnt	hət	jɔŋəcə	saːmə	mɛt	də	xlɑsɛtər	lɤupə	də	ɑxɛnt	ʋɪl		zə	ɑləbɛi	ɔp		pɑkə	ma	ət	lʏkt	əm	nit		sə	tə	pɑkə	tə	krɛixə
Lemmer	t	ɪs	stɪl	ɔp		strɪtə			ɪniːnn	klɪŋkt	bai	ɪː̃	fan	də	hys	hyzn		ɡərɪŋkəl		ɡlɛːs	ən	frau	stapt	fəslain	nə	bytn	hei	da	s			tufɑləx	dɛː		krɛk	də	ɡlɛːsɛtər	də	frau	freixət	ɒf	hɛi		raː̃m	ʋɒl	mɑitʃə	mɑr	in	ən	kœːtə	tiət	ɡɪnstɪkŋ	dər	in	ə	strʏtə			ryt	raːmm	də	pəliʃə				ɡuːj		ɑt	hɛi	trɔ	də		rɔnt	ma	dɑn	ʃʏt	hɛi	əp	də	hukə	fan	də	strʏt	ə	lits	jɔŋkjə		ət	jɔŋkjə	ʋɔl	krɛk		ən	stɪː̃n	ɡʊiə	eifə	lɛtər	ʃʏt	də	pəliʃə	ət	jɔŋkjə	təɡɛrə	mai	də	ɡlɛːsɛtər	rɔnn	də	plisiman	bəslyt	ɔm	sə	bɛidə	ɑn	tə	hɒːdn	mar	ət	lʏkt	əm	nɛt	ɔm	sə	tə	pɑkŋ	tə	kræiən
Lokeren	t	ɪs	stɪl	in		strʌːtə	mɒrə		eːnəkir		bei	ɪː̃	fɑn	d	œːz	œːzn		çəlɪŋkə	fɑ	çlɒɑs	ə	frɑu	kɔmt	fəsxrɪkt	nə	bœːtn		da	s		ɯk			lypt	ʃyst		çlʌːzəmɒkər	də	frʌu	frɒːçt	ɒf	tɪː	də	rœːtə	wɪl	mɒːkŋ	mɑrə	ɪn		kɒrtn	tɪːt			n	t	strʌːtə				rœːtn	dən	ɑçænt	pʌst		ækstra	çu	ɔp	ʌzt	ɪ				lʏpt	mʌr	tæn	siːt	ɪ	ɔp	dən	uk	fɑn	t	strɒːt	ə	klæːn	mɑnəkə				wə	ʃyst		nə	stiː	ruːə	it	lʌːtər	siːt		ɑçænt		mɑnəkə	tyːpə / sɔmm	mɪt	də	çlʌːzəmɒkər	løpm	dən	ɑçænt	bəslœt		s		ɑn	t	ɒn	mʌr				ni		sə		pɑkŋ		
Lommel	t	ɪs	stɪl	ɔp		stʀʌːt			ɪnɪns		bɛi	eːn	fɑn			hœizə		lawɛːt	fɑn	çlɑs	n	fʀɒu	kɔmt		na	bœːtə		dɑ	ɛs			stʀɑf	dʊ	lɔːp	ʃyst		çlɑːzəmɑːkəʀ		fʀɒu	fʀɑːçt	ɒf	i		ʀœːt	wɪl	mɑːkə	mɛ	ɪn			tɛːt	çɒːnkapɒt	ə							ʀœːtə		plis	læt	nə		çu	ɔp	ɑs	i	dʏːʀ			lɔpt		dʌ	ziç	i	ɔp	dən	huk	fɑn	də	stʀʌːt	ə	klæːn	mænəkə	stʌn			wʏl	ʒyst		ə	stɪːn	smæːtə	ɛfkəs	əʀnɑː	zit				mænəʔə	sɑːmm	mæt		ʀœːtəmɑːʔəʀ		dɪʀ	pəlis	wɪl		ən		ɒp		pakə	mæʀ	ət	çɪt		ni	ɔ̃	zə	tə	pakə	tə	kʀɛeçə
Lunteren	t	ɪs	stɪl	ɔp		straːt	mɑr	dan			bɛi	ei	fɑn	də		hysə	ət	xərɪŋkəl	fɑ	xlas	ə	ʋif	kɔmt		na	bytə	hei	da	s	nɔ	ɒk	tufɑləx	daː	kɔm	nɛt	də	kɪːəlfɑntxlas		ʋif	fraːxt	ɒf	ti	də	ryt	ʋɪl	mʌːkə	mær	ɪn		kɒrtə	tit	xʌːnɑndɪxələ	dər	ɪn	də	straːt	izəx	føːl	ryt	rytə	də	sxrɪk	lɛt	nu			ɔp	ɑs	ti	dʏːr	də	strɑːtə	lʌupt	mɑr	dɑn	sit	i	ɔp	də	huk	fɑn	də	strʌːt	n	klɛin	kɪrəlcə	stɑːn				nɛt		ən	stein	xʊiə	ɛfə	lʌːtər		də	sxrɪk	ət	kɪrəlcə	sʌːmə	mɛt	də	xlɑskɪəl		də	sxrɪk	bəslyt	œm	sə			tə	ɑrəstɪːrə	mær	tə	lœkt	əm	nit		sə	tə			krixə
Maldegem	t	ɪs	stɛl	ɔp		strʌtə	mʌ		ʌmɛnəkɪr		bɛː	ɪː̃	fɑn	d	ys	ɪːzn	t	hərɛhtə	fɑ	hlɑs	ə	frɑuə		ɔndɑːn	nɑ	bytn		dɑ	z	nɛi	ɤk	tufʌləh	daː	lɤup	ʃistə	də	rytəmɑkər	də	frɑuə	frɑːht	ɒt	hɛi	də	rytə	wɛl	mɒkŋ	mʌr	ɛn	ən	kʊrtə	teit	snøfələn	dər	ɛn	də	strʌtə	freː		rytə	rœːtn	də	flik	læt			hut	ɔp	ɒt	i	dʏːr	də	strʌtn	loupt	mʌ	tɒːn	sit	i	ɔp	dən	uk	fɑn	t	strʌtə	ə	klæːn	fɛncə		t	fæncə		ʃystə		nə	stɛː̃	smytn	ənpoːskə	lʌtər	sit	də	flik		fɛncə	toupə	mɪt	də	rytəmɑkər	louʔn	də	flik	bəslyt	ɔm	z	ɑlətwɪə	ɑn	t	hʌudən	mʌ	t	lækt	æm	ni	ɔm	zə	tə	pɑkŋ	tə	kriɡŋ
Marken	hɛt	ɪs	stɪl	ɔp		straːt	mɑ	dɑn	ɪnẽĩs	klɪŋkt	bɛi	ein	fɑn	də	hays	hayzə	hɛt	xərɪŋkəl	fɑn	xlɑs	ə	frau	stɑpt	ondaːn	nɑ	bœytə	hei	dɑ	s	nɑu	ouk	tufɑləx	daː	loupt	jœyst	də	xlɑsɛtər	də	frau	fraːxt	ɒf	hɛi	də	rœyt	ʋɪl	repərɪːrə	ma	ɪn		kɒrtə	tɛit	snøfələ	ɛr	ɪn	də	straːt	hɪːl	fɪːl		rœytə	də	pəlitsiɑxɛnt	lɛt	ny	ɛkstra	xut	ɔp	ɑz	hɛi	dʊːr	də	straːtə	lʌupt	ma	dɑn	sit	hɛi	ɔp	də	huk	fɑn	t	straːt	ən	klɛin	jɔŋəcə		hɛt	jɔŋəcə	ʋɪl	nɛt		ə	stein	xɤiə	eifə	laːtər	sit	də	pəlitsiɑxɛnt	ət	jɔŋəcə	saːmə	mɛt	də	xlɑsɛtər	lʌupə	də	ɑxɛnt	bəslayt	ɔm		bɛidə	aːn	tə	hɑuə	mɑ	ət	lʏkt	əm	nit		sə	tə	pɑkə	tə	krɛixə
Middelharnis	ət	ɪs	stɪl	ɔp		straːt	mɑr	dɑn	əniː̃s	klɪŋk	bi	ɪː̃n	fɑn	də	hys	hyzn	hɛt	xərɪŋkəl	fɑn	xlɑs	ə	frau	stɑpt	ɔndaːn	nə	bytən	hei	da	s	nə	ʌːk	tufaləχ	daː	lʌp	jyst	də	χlʌsætər	də	frau	fraːχt	ɒf	i	də	ryt	wɪl	repərɪːrə	mɑr	ɛn		kɒrtə	tit	snøfələ	dər	ɪn	də	straːt	hɪːl	fʏːl	ryt	rytə	də	pəliʃɑχɛnt	læt	nɒ	ækstra	xud	ɔp	ɑs	i	dʏːr	də	straːtə	lɑːpt	mɑr	dɑn	zit	i	ɔp	də	huk	fɑn	də	straːt	ə	klɛin	jɔŋəcə		hət	jɔŋəcə	wɪl	næt		ə	stɪː̃	χʊiə	eifə	læːtər	zit	də	pəliʃɑχɛnt	ət	jɔŋəcə	sæːmm	mæt	də	χlʌsætər	lɑːpə	də	æχænt	bəslyt	ɔm		bɛidə	ɑn	tə	hɑːuə	mɑr	ət	lœkt		nɪt		sə	tə	pɑkə	tə	krɪxə
Naaldwijk	hɛt	ɪs	ʀʏstəx	ɔp		stʀaːt			ɔpẽĩs			ein	fɑn	də		hœyzə		xəʀɪŋkəl		xlɑs		fʀaɯ	kɔmt	xəsʀɔkə	nə	baytə						tufʌləx					xlʌsɛtəʀ	də	fʀaɯ	fʀaːxt	ɒf	hɛi		ʀaːm	ʋɪl	mɑːkə								ɪn	də					ʀaːmə	də	pəlitsi		nɑ	ɛkstʀa	xut										sit	i		də					ẽ		jɔŋəcə				ʋɪl		mɛt	ə	stein	xɤia	ɛfə	lɑːtəʀ	sit	də	pəlitsi	hɛt	jɔŋəcə		mɛt		xlʌsɛtəʀ				ʋɪl		zə		ʊp		pʌkə					nit		sə	tə	pɑkə		
Neeroeteren	hɛt	ɪʃ	ʃtɪl	ɔp		ʃtʀɔːt	mɑʀ	dɑn	ɪnɪː̃s		bi	ein	fɑn	də	hus	huzəʀ		çəklɪŋəl	fɑn	çlɑːs	ən	fʀɑu	kæmt	hɪːlydəʀdʊn	nʌ	bytə	ei	dat	ɪʒ		ɤuç		dɒ	leː	ʃœst	də	çlɑːsənɛikəʀ	də	fʀɑu	fʀeiçt	ɒf	hɛi	də	ʀut	wʏlt	mɑːkə	mɑʀ	ɔp		kɒʀtə	tiːt	çɒːnkəpɒt	əʀ				hiːl	fœːl	ʀut	ʀutə	də	pəlɪs	læt	ny	ækstʀa	çʊd	ɔp	æz	əʀ	dʊːʀ	də		leit	mɑʀ	dɑn	zit	hɛi	ɔp	dən	huk	fɑn	də	ʃtʀɒːt	ə	klæn	mænəkə		hɛt	mænəkə	wɒl	ʃœst	mət	ənə	ʃtein	çɯiə	æfə	dəʀnɒː	zit	də	pləs	ət	mænəkə	sɑːmə	mæt	də	çlɑːsənɛikəʀ	lɤːpə	də	pələs	bəʃlɪst	ɔm	zə	ɑlətwi	ɑːn	tə	houə	mɑʀ	ət	lækt	əm	nɪːt	ɔm	sə	tə	pɑkə		
Nij Altoenae	hət	ɪs	stɪːl	ɪn		straːt	ma	dan	ɪneinn		bai	ein	fan	də	hyːs	hyzn		ɡərɪŋkəl	fan	ɡlɑːs	ə	frau	stɑpt	ɑndɛin	nə	bytn	hei						dæː	loup	krɛk	də	ɡlɑːsɛtər	də	frau	fraːxt	ɑt	i	ət	ryt	ʋɪl	maːkə	mɑr	ɪn		kɒrthʏtsi	tiːt		dər	ɪn	də	straːt		føːl	ryt	rytn	də	plisi		nɑu	ɛkstra	ɡuːt		at	i	dʏːr	də	straːtn	loupt	ma	dan	siːt	i	ɔp	ə	huk	fan	də	straːt	ən	klɒin	jɔŋki		ət	jɔŋki	ʋɪl	krɛk		n	stein	smite	eifə	l  ̴aːtər	siːt	də	pəlisi	ət	jɔŋki	təɡaːr	mɛt	də	ɡlɑːsɛtər	lʌupm	də	plisi	bəslyt	ɔm	zə	bɒidə	ɑːn	tə	haːuən	mɑ				nɪːt		sə	tə	pakŋ		
Nijverdal	t	ɪs	stɪlə	ɔp		strʌːtə	mʌ	dɑn	ɪnɪː̃s	klɪŋk	bi	ɪː̃	fɑn	də	hys	hyzə		xərɪŋkəl		xlɑs	ə	frɑuə	stɑpt		na	bytn	heː	dɑ	s			tufɑləx	dʊː		nɛt		xlʌsɛtər	də	frɑuə	frœx	ɒf	hɛi	də	rutə	ʋʏl	repərɪːrn						snøfəlt	ər	ɪn	də	strʌːtə	bʌrstəns		rutə	rutn	də	pəlisi		nu				ʌs	ə				xiːt	mʌ	dɑn	sœt	ər	ɔp		huːk	fɑn	də	strʌːtə	ən	klɛin	jɒxi			jɒxi	ʋʏl	nɛd		n	stɪː̃	xʊin	ɛbm	lʌːtər	zœt	dən	ɑxɛnt	ət	jɒxi	saːmm	mɛt		xlɑsɛtər	loːpm	dən	ɑxɛnt	bəslœt			ɑləbɛidə	ɑn	tə	hɒln	mʌr	ət	lʏkt	əm	ni		sə	tə	pɑkŋ	tə	kriɡŋ
Noordwolde-Zuid	hɛt	ɪs	stɪl	ɔp		strɑːtə	mɑr		ɪnɪː̃s	klɛŋkt	bei	ɪː̃	fan	də		hyːsn		xərɪŋkəl		xlas	ə	frau	stapt	ɔndʌːn	na	bytn		da	s	nə	oːk		dʊː	lœp	jyst	də	xlæːzənsɛtər	də	frau	frʌːxt	ɒf	hɛi	də	rytə	wʏl	mæːkŋ	mar	ɪn		kɒrtə	tit	snøfəld	dər	ɪn	də	strɑːdə			rytə	rytn	də	plisi	kɪkt			xʊt	yt			dʏːr	də	strʌːtn	lɒp	ma	dæn	sit	i	ɔp	də	hukə	fan	də	strɑːtə	ə	klɛin	jɔŋxi		hət	jɔŋxi	wɪl	jyst				xʊin	eːbm	læːtər	sit	də	plisi	ət	manəxi	sæːmm	mɛt	də	xlaːzəsɛtər	loupm	də	plisi	bəslyt	ɔm		bɛidn	ɑn	tə	holn	mar	ət	lʏkt	əm	nit	ɔ̃m	sə	tə	pakŋ	tə	kriɡŋ
Ommen	ət	ɪs	stɪl	ɔp		strʌːt			ɪniː̃s	klɪŋkt	bi	iː̃	fɑn	də	hys	hyːzn		xəklɛtər	fan	xlas	ə				na	bytn							dʊː	kɔm	jyst		xlɑsɛtər	də	frɑu	frʏx	ɒf		də	rutə	wʏl	maːkŋ		ɛn		kœrdə	tit	xɒːtandɪxəln	ə						rutə	rutn	də	pəlitsiɑxɛnt	kɛikt			xut	ɒmsəxhɛː̃	ɑs	ə	dʏːr	də	strʌːtn	lœp	mæ	dɑn	sɛt	ə	ɔp		huk	fɑn	də	strʌːdə	ən		kɛəlcə	stʌːn	ət	jɒxi	wɪl	nɛt		n	stiː	smitn	əsxɒfi	laːtər	sœt	də	pəlitsiɑxɛnt	ət	jɒxi		mɛt	də	xlɑsɛtər	loːpm	də	axɛnt	bəslyt	ʏm		bɛidn	ɑn	tə	hɒln	ma	t	lʏkt	əm	ni	œm	sə	tə	pɑkŋ	tə	kriɡŋ
Onstwedde	t	ɪs	stɪl	ɔp		strɔːdə	mʌ	dan	ɪnɒ̃ĩs	klɪŋk	bi	ɑ̃ĩ	fan	də	hus	huzn	hɛt	xərɪŋkəl	fa	xlas	əi	fraː	stapt	ɔndʊːn	nʊ	butn	hei	da	s				dʊː	lɒp	jyst	də	xlasɛtər	də	fraː	frɔːxt	ɒf	hɑi	də	rudə	ʋɪl	klʊːrmɒkŋ	mʌr	ɪn		kœːrdə	tit	snøfəln	dən	ɪn	də	strɔːdə	høːl	fœːl	rudə	rutn	də	pəlitsi	lɛt	nɑu	ɛkstra	xɑud	ɔp	as	hɛi	dʏːr	də	strɔːtn	lʌpt	mɒr	dɛn	sœx	ha	ɔp	də	hɑukə	fan	də	strɒːt	ən	løcə	jɔŋkjə		t	jʌŋkjə	ʋɪl	nɛt		n	stɑinə	xʊin	eibm	lɒːtər	sœx	də	pəlitsi	t	jɔŋkjə	sɔːmm	mɛt	də	xlasɛtər	lʌupm	də	pəlitsi	bəslut	ɔm		baidn	æː̃	tə	hɒːdn	mɒr	t	lʏkt	əm	ni	œm	zə	tə	pakŋ	tə	kriɡŋ
Oostende	t	ɪs	stɛl	ɔp		strɒːtə	mɒ	tʊn	ɔpeː̃s	kliŋkt	bi	ɛː̃	fan		ys	ysn		həriŋkəl	fɑ	hlɑs		mɑdɑm	kɔm		no	bytn		dʌ	z		ɯːk			lɒpt	ʃystə		rytəmʌːkər		mɑdɑm	fraːht	ɒf	di		rytə	wɛl	fəmʌːkŋ	mɒ	ɛn		kɒrtə	tit	snøfəln	dər	ɛn	də	strɒːtə	hɛːl	fiːl	rytə	rytn	də	pʊliʃə	læt	ny	ɛkstɑ	hud	œp	ɒt	i	dʏːr			lɒpt	mɒ		siːt	i	ɔp	dən	uk	fan	də	strɒːtə	ə	klɛːn	fɪncə			juŋəcə	wɛl	ʃystə	mæd	ə	stɛːn	smitn	əbecə	lɒːtər	siːt	də	pʊliʃə		jɔŋəcə	təhɒːrə	mæt	də	rytəmʌːkər	loːpm	də	pʊliʃə	bəslyt	ɔm	zə	ɑlətwæː	ɑn	t	ɯn	mɒ	t	lʏkt	hæm	ni	fu	sə	tə	pɑkŋ		
Ooy	t	ɪs	stɪl	ɔp		strʌːt	mʌr		ɪnɛns	klɪŋkt	bei	ɪː̃n	fɑn	də	hys	hyːzə		çərɪŋkəl	fɑ	çlɑs	ə	frɑu			nə	bytə		dɑ	s	nɑu	oːk	tufɑləç	dɑː	lʏp	nɛt	də	çlɑsɛtər	də	frɑu	frʏç	ɒf	di	də	ryt	ʋɪl	maːkə	mɒr	ɪn		kɒrtə	tit	çɒːnkəpɒt	ər	ɪn	də	strʌːt			ryt	rytə	də	pɒlisiaçɛnt				çud		ɑz	hɪ	dʏːʀ	də	strʌːtə	lœp	mʌr	dɑn	sit	hɛ	ɔp	də	huk	fɑn	də	strʌːt	ə		jʏŋskə	stʌːn	ət	jʏŋskə	ʋɪl	nɛd		ə	stɪ̃	çʊiə	ɛfə	laːtər	sit	də	ɑçɛː̃t	ət	jʏŋskə	saːmə	mət	də	çlɑsætər	loːpə	də	ɑçæː̃t	bəslyt	ɔm	zə	bɛidə	ɔp	tə	pakə	mʌ	t	lʏk	əm	nit	ɔm	zə	tə	pɑkə	tə	kriçə
Oude Niedorp	ət	ɪs	stɪl	ɔp		straːt	mar		ɪniː̃ns	klɪŋk	bɛi	ein	fɑn	də	hayz	hayzə	ət	rɪŋkələ	fɑn	xlɑs	ə	frɑu	kɔmt	fəskrɪkt	na	bœytə	hɛ	dɑ	s	nə	ɔk	tufɑləx				də	xlɑsɛtər	də	frɑu	fraːxt	ɒf	hɛi		raːm	wʏl	maːkə						xaːnstʏk	dər	ɪn	də	straːt	hɪːl	fʏːl		raːmə	də	ɑxɛ̃nt						ɑls	hɛi				loupt		dɑn	zit	hɛi	ɔp	də	huk				ən	klɑin	jɒxi		ət	jɒxi	wʏl	nɛt		ə	stiː̃	χʊiə	ɛfis	dənaː	zit	də	ɑxɛ̃nt				mɛt	də	xlɑsɛtər	loupə		ɑxɛ̃nt	wʏl			bɛidə	ɑn		hɑuə					nit		sə	tə	pɑkə		
Oudebildtzijl	ət	ɪs	stɪːl	ɔp		dik	mar		əpdɑtstɑyt	kl  ̴ɪŋk	bɛi	ẽĩ	fan	də	hyːs	hyːzn	ət	ɡərɪŋkəl	fan	ɡl  ̴ɑːs	ə	frau	stapt	ɑ̃ndɛin	na	bytn	hei	da	z	nɑu	oːk	tufaləx	dæː	loup	krɛk	də	ɡl  ̴ɑːsɛtər	də	frau	fraːxt	ʌt	i	ət	ryt	ʋɪl	maːkə	mɑr	ɪn		kɒrthʏtsi	tiːt	snøfələ	dər	ɪn	də	straːt			ryt	rytn	də	pəl  ̴isi	l  ̴ɛt	nɑu	ɛkstra		ɔp	ɑt	i	dʏːr	də	straːtn	loupt	mɐ	dan	siːt	i	ɔp	ə	huk	fan	də	straːt	ə	klɑin	jɔŋki		hət	jɔŋki	ʋɪl	krɛk		n	stein	ɡʊiə	ənhʏtsɪ	l  ̴aːtər	siːt	də	pəl  ̴isi	hət	jɔŋki	təɡaːr	mɛt	də	ɡl  ̴ɑːsɛtər	loupm	də	pəlisi	bəslyt	ɔm		bɒidə	ɑːn	tə	hɑːuən	mar	t	l  ̴ʏkt	əm	nit		sə	tə	pakŋ	tə	kræiən
Overijse	t	ɪs	stɪl	ɔp		stʀoːt			inɪː̃nəkɪːʀ		bai	ɪː̃	fɑn	d		ɒəzə		çəʀɪŋkəl		çlɑs	ə	fʀɑː	kɔmt		nə	bɔətə	eː	dɑ	wʏl		uk	lʏkə	dʊː		ʃyst		çlʊːzəmʊːkər	də	fʀɑː	fʀʊːçt	ɒf	hɛ		fɪ̃stəʀ	wɪlt	ʀɛpaʀɛːʀə	mɒ	ɪn		kœʀtən	tæːt	snø̃fələ	əʀ	ɪn	də	stʀoːt	ɪːl	fɶːl		fɪ̃stəʀs	dən	ɑçɪnt	lɛt	nɑ	ɛkstʀɑ	çʏːd	ɔp	ɑs	hɛ	dœː	də	stʀʊːtə	lʏpt		dɛn	sɪːt	m	ɔp	dən	uk	fɑn	də	stʀʊːt	ə	klɑːn	mænəkə			mænəkə	wɪlt	ʃyst	mæ	nə	stiː̃	smæːitə	ənbeikə	lʊːtəʀ	sɪːt	dən	ɑçɛnt	ət	mænəkə	sʊmm	mæt	də	çlʊːzəmʊːkər	lʏɑpə	dən	ɑçænt	dɛsidæːʀt	ɔm	s	ɑlətwi		t	ɑʀəstɛːʀə	mɒ	t	lʏkt	æm	ni	ɔm	zə	tə	pakə		
Pannerden	ət	ɪs	stɪl	ɔp		stʀʌːt	mʌ	dɑn	ɪnɛns	klɪŋk	bɛi	iː̃	fɑn	də	hys	hyzə	ət	çəʀɪŋkəl	fɑn		ə	fʀɑu	lʏp	ɔndʌːn	nə	bytə		dɑ	s	nɑu	ouk	tufɑləç	dʊː	lœp	jyst	də	ʀytəsætəʀ			fʀœç	ɒf	hɛi	də	ʀyt	wɪl	mɑːkə	mʌʀ	in		kɒʀtə	tit	çʌnkəpɒt	ə	ɛn	də	stʀʌːt		fʏːl	ryt	ʀytə	də	pəlisi	læt	nɑu	ækstʀɑ	çut	ɔp	ɑs	i	dʏːʀ	də	strʌːtə	lœp		dɑn	sit	i	ɔp	də	huk	fɑn	də	stʀʌːt	ə	klɛin	jʏŋskə		hət	jʏŋskə	wʏl	næt		ən	kɛi	çʊiə	æfə	lʌːtəʀ	sit	də	plisi	hət	jʏŋskə	saːmə	mæt	də	çlɒːzəzætəʀ	loːpə	də	plitsi	bəslyt	œm	zə	bæiə	ɑnʲ	tə	hɑuə	mʌr	ət	lʏk	əm	nit	œm	zə	tə			kriçə
Poperinge	t	ɪs	stɪl	ɔp		strɒːtə	mə	tun	ɒməkir		bi	ɛː̃	fan		ys	yzn		hərɪŋkəl	fa	hlɑs		wyf	kɔmt		nɑ	bytn			mɯ			pɑsn		lɒpt	ʒystə				wyf	frɒːht	ɒfdɑt	m		rytə	wɛlt	fəmɒːkŋ	mɑr							ɛn	də	strɒːtə	stif		rytə	rytn	də	pʊlisɪ	læt	ny			œp	ɑt	m	dʏːr			lɒpt	mɒ	tʊn	ziːt	m	œp		uk	fan	də	strɒːtə	a	kliɪn	fɪncə	stɒː̃		fɪncə	wɛlt	ʃystə		a	stɛː̃	smitn	əbecə	lɒːtər	ziːt	də	pʊlisɪ		fɪncə		mæt		fæntfɑndərytn	loːpm	də	pʊlisə	peist	fɑ	z	ɑlətwi	œp	tə	pɑkŋ					ni		sə		pɑkŋ		
Reeuwijk	ət	ɪs	stɪl	ɔp		straːt	ma	dɑn	ɪneː̃s	klɪŋk	bɛi	ein	fɑn	də	hœys	hayzə		xərɪŋkəl	fɑn	xlɑs		frɑu	stʌpt	xəsxrɔkə	na	bœytə	hei	dʌ	z	nʌu	ouk	tufʌləx	daː	lɒp	jayst	də	xlʌsɛtər	də	frɑu	fraːxt	ɒf	hɛi	də	rœyt	ʋɪl	repərɪːrə	ma	ɪn		kʊrtə	tɛit	snøfələ	ər	ɪn	də	straːt	hɪːl	fɪːl		rœytə	də	plitsiɑxɛnt	læt	nu	ɛkstrə	xut	ʊp	ʌls	hɛi	dʊːr	də	straːtə	lʌupt	ma	dɑn	sit	i	ɔp	də	huk	fɑn	də	straːt	ə	klɛin	jɔŋəcə		hət	jɔŋəcə	ʋʏl	nɛt		ən	stein	xʊiə	eifə	laːtər	sit	də	plitsiɑxɛnt	ət	jɔŋəcə	saːmə	mɛt	də	xlʌsɛtər	lʌupə	də	ɑxɛnt	bəslayt	ɔm	sə	ɑləbɛi	aːn	tə	hɑudə	mɑɻ	ət	lʏkt	əm	nit		sə	tə	pɑkə	tə	krɛixə
Rijen	t	ɪs	stɪl	ɔp		stʀʌːt	mɑ	dɑn	ɪneː̃ĩs	klɪŋkt	bɛi	eː̃	fɑn	də	hɑys	hayzə		çəʀɪŋkəl	fɑn	çlɑs			stɑpt	ɔndaːn	na	bœytə		dæ	s		ɤuk	tufɑləç	də	lʌp	jaist		çlasætəʀ	də	fʀɑu	fʀaːçt	ɒf	ti	də	ʀayt	wɪl	ʀepəʀɪːʀə	mɑʀ	ɛn	ə	kɒʀtə	tɛit	snøfələ	əʀ	ɛn	də	stʀaːt	hɪːl	fʏl		ʀaytə		pliʃɑçɛnt	lɛt	ny	ɛkstʀə	çut	ɔp	ɑlz	hɛi	dʊːʀ	də	stʀaːtə	lʌpt	mɑ	dɑn	zit	i	ɔp	də	hɯk	fɑn	də	stʀʌːt	ə	klɛin	jɔŋəcə		t	jɔŋəcə	wɪl	nɛt		ə	stein	çʊiə	ɛfə	lɑːtəʀ	zit	də	pliʃɑçɛnt	ət	jɔŋəcə	saːmə	mæt	də	çlɑsætəʀ	loːpæ	də	plisi	bəslœyt	ɔm		bæidə	aːn	tə	hɑuə	mɑʀ	ət	lʏkt	əm	ni		zə	tə	pɑkə	tə	kʀɛiçə
Rijkevorsel	t	ɪs	stɪləkəs	ɔp	t	stʀʌːt	mɑʀ	dan	ɪnɪː̃s		bɛi	iː̃	fan	də	œːs	hœːs		çəʀiŋkəl	fan	çlas	ə	fʀɑɯ	stapt	fəsxɔːtə	nər	bœːtə	hei	dɑ	mɯt	naːu		lʏkə	dɑː	lʌp	ʃyst				madam	fʀʌːçt	ɒf	m		ʀœːt	wʊlt	mʌːkə	mɛʀ	ɪn				çɒːnkɑpɒt	dəʀ	ɪn	t	stʀʌːt	ɪːl	fœːl		ʀœːtə	də	pɒlɪs		na		çu		ɑs	m	dʏːʀ			lœp	mɑʀ	dan	siːt	m	ɔp	dən	uk	fan	t	stʀʌːt	æn	klæːn	manəkə			manəkə	wʊl	ʃyst		nə	stɪː̃	smæːtə	ɛfkəs	lʌːtəʀ	siːt	də	pɒlɪs		manəkə	saːm	mæt		fandəfæː̃stəʀs	lɤːpə	də	pɒlɪs	bəslœt	œm	z	ɑlətwiə	up	tə	pækə	mæʀ				ni		zə		pakə		
Roswinkel	t	ɪs	stɪl	ɔp		strʌːdə	mʌ	dan	ənɑ̃ĩs	klɪŋk	bi	ɑ̃ĩ	fan	də	hus	huzn	t	xərɪŋkəl	fa	xl  ̴as	ə	frɑːu	stɑpt	fəbɑldərɪːt	nɒ	butn	hɪi	da	s	nʌu	oːk	tufɑləx	dʊː	lɒp	jyst	də	xlɑsɛtər	də	məfrɑːu	frax	ɒf	ə	də	rudə	ʋʏl	reparɪːrn	mʌ	ɪn		kœːrdə	tit	snøfəln	dər	ɪn	də	strʌːdə	høːl	føːl	rudə	rutn	də	plitsiɑxɛnt	lɛt	nɑu	ɛkstrə	xɑud	ɔp	ɑs	ə	dʏːr	də	strʌːtn	lʌp	mʌr	dan	sʏx	ə	ɔp	də	hɑukə	fan	də	strɒːd	n	klɛin	jɔŋki		t	jɔŋki	ʋɪl	nɛt		n	stɑinə	xʊin	eːbm	lɒːtər	sʏx	də	plitsiɑxɛnt	ət	jʌŋki	sʊːmm	mɪt	də	xlasɛtər	loupm	də	plitsi	bəslɒt	œm		bɛidn	æː	tə	hɒːdn	mɑr	t	lʏkt	hɛm	nit		sə	tə	pakŋ	tə	kriɡŋ
s-Gravenvoeren	əd	ɪʃ	ʃtɪl	ɔp	çən	ʃtʀoːt	mæ	dɑ	opɪns		bi	eːn	fɑn	də	huːz	huːsə	t	ʀɑmɛnt	fɑ	çlɑːs	ən	fʀʊu	kʏmt	çɑːnsfəʀlʊːʀə	nə	butə	hɛː	dɑt	wʏl			zɪːn	də	lœp	ʃyst	də	çlɑːzənɪːʀkəʀ	də	fʀʊu	fʀyːd	ɒf	hiːʀ	də	ʀuːt	wʏlt	mɑːkə	mæʀ	ɔp		kɒʀtə	tiːt			ɛn	də	ʃtʀɔːt		fœːl	ʀut	ʀuːtə	də	ʒɑndɑʀm	kik	ny	ækstʀɑ	huːt		ɛs	hiːʀ	dʊːʀ			lœpt	mæ	dɑː	zɪːt	i	ɔp	çən	hoːk	fɑ	çə	ʃtʀʊːt	ən	kleːn	jʏŋskə		ət	jʌŋskə	wɪl	ʃyz		ənə	ʃteː	bʀuiə	çæt	lɑːtəʀ	siːt	də	ʃɑndɑʀm	ət	jʏŋskə	təhoːp	mət	də	çlɑːsəniːʀkəʀ	loːpə	dəʀ	ʃɑndɑʀm	wʏlt		ən	ɑlətwiə	ɑː		hoːə	maː	ət	lʏkt	əm	nɪt		sə	tə			
Sexbierum	ət	ɪs	stɪl	ɔp		strɪtə	mɑ	dan	ɪniː̃s	klɪŋkt	bai	ɪː̃	fan	də	huːs	hyzn		ɡərɪŋkəl	fan	ɡl  ̴ɛːs	ə	frau	stapt	skrɔkə	na	butə		d	ɪs		ɛk	təfaləx	dɛː	rɪnt	krɛk	də	ɡlɛːsɛtər	də	frau	freixət	dat	hɛi	ət	ryt	ʋɒl	mɑitʃə	mɑr	ɪn		kuɑtə	tiːt	snøfələ	dər	in	də	strɪtə	hiːl		ryt	rytən		pəliziman	lɛt	nau		ɡuːt	ɔp	ʌs	hɛi	trɒ	də	strɪtn	rɪnt	ma	dan	ʃʏt	ər	ɔp	də	huk	fan	də	strɪtə	ə	lits	jɔŋkjə				ʋɔl			ə	stɪː̃	ɡʊiə	ɛfkəs	lɛtər	ʃʏd	d	aɡɛnt	ət	jɔŋkjə	təɡɛːrə	mɑ	də	ɡlɛːsɛtər	rɪnn	də	aɡɛnt	bəslyt	ɔm		bɑidə	ʊː̃	tə	hɑːdn	mɑr	ət	lʏkt	əm	nɛt	ɔ̃m	sə	tə	pakən	tə	kræiən
Sint Annaparochie	hɛt	ɪs	stɪl	ɔp		dik	ma	dan	ɪneː̃nn		bɛi	ẽĩ	fan	də	hys	hyzn	ət	ɡərɪŋkəl	fan	ɡl  ̴ɑs	ə	frau	stɑpt	skrɒkən	na	bytn	hei	dat	ɪs	nau	ouk	tufaləx	da	loup	krɛk		ɡlɑːsɛtər	də	frau	fraːxt	ɑt	i	ət	ryt	ʋɪl	maːkə	mɑr	ɪn		kɒrthʏtsi	tiːt	ɡaːnstɪkən	də	ɪn	də				ryt	rytn	də	plisi	siːt		ɛkstrə	ɡuːt	ɒməmhine	ɑt	i	dʏːr	də		loupt	mɑ	dɑn	siːt	i	ɔp	ə	huk				ən	klɑin	jɔŋki				ʋɪl	krɛk		ə	stein	ɡʊiə	nitføl	laːtər	siːt	də	plisi	ət	jɔŋki	təɡaːr	mɛt	də	ɡlɑːsɛtər		də	pəlisi	bəslyt	ɔm		bɒidə	ɑn	tə	hɑːuən	mɑr				nit		sə	tə	pɑkŋ		
Sint Jacobiparochie	t	ɪs	stɪːl	ɔp		dik	mɑ		ɪnẽĩs	klɪŋk	bɛi	ein	fan	də	hys	hyzn	ət	ɡərɪŋkəl	fan	ɡlaːs	ə	frɑu	stɑpt	fəsluxən	na	bytn	hei	dɑ	s	nɑu	ouk	tufaləx	dæː	loup	krɛk	də	ɡlɑːsɛtər	də	frɑu	fraːxt	ɑt	hɛi	ət	ryt	ʋɪl	maːkə	mɑr	ɪn		kɒrtə	tiːt	snøfələ	ər			dik	hɪːl		ryt	rytn	də	pəliʃɑɡɛnt	lɛt	nɑu	ɛkstrə	ɡuːt	ɔp	ɑθ	hɛi	dʏːr	də	straːtn	loupt	mɑ	dɑn	siːt	hɛi	ɔp	ə	huk	fən		dik	ə	klɒin	jɔŋki		ət	jɔŋki	ʋɪl	krɛk		ə	stein	ɡʊiə	eːfə	l  ̴aːtər	siːt	də	pəliʃɑɡɛnt	ət	jɔŋki	saːmm	mɛt	də	ɡlɑːsɛtər	loupən	də	æɡɛnt	bəslyt		sə	bɒidn	ɑn	tə	hɑuən	mɑr	ət	lʏkt	hɛm	nit		sə	tə	pɑkŋ		
Sint-Oedenrode	t	ɪs	stɪl	ɔp		stʀɒət	mɑʀ		ənɪns									lowɑi		çlɑs	ə	fʀɑu	lʏp		nɑ	bœytə	hei	dɑ	s			stɛʀk	dʌː	lœpt		də	çlʌsætəʀ	də	fʀɒu	fʀɒːçt	ɒf	hɛi		ʀʌːm	wʏl	mɑːkə	mʌʀ					çʌːnkəpɔt	əʀ	ɛn	də	stʀʌət		fɪːl		ʀɑːmə	də	ɑçɛnt						ɑls	hɛi				lʏpt	mɑ	dɑn	zit	hɛi	ɔp	də	huk				ən	klɛin	jʏŋskə		ət	jʏŋskə		kʀɛk		ənə	stein	çʊiə	meː	dənʌː	zit	d	ɑçænt	ət	jʏŋskə		mɪt	dən	çlɑsætəʀ		də	ɑçænt	wɪl		zə	ɑləbæi			vɑtən		ət			nit						
Slochteren	hɛd	ɪs	stɪl	ɔp		strʊːt	mər	dɛn	inãĩs	klɪŋk	bi	ɑ̃ĩ	fan	də	hys	huːzn	ət	xərɪŋkəl	fan	xlas	ə	fraː	stapt	ɔndʊːn	nə	butn	hei	da	s	nɑu		tufɑləx	dʊː	loup	jyst	də	xlʊːzənmɒkər	də	frɑː	frʊːxt	ɒf	hɑi	də	rut	ʋʏl	reparɪːrn	mər	ɪn		kœrtə	tit	snøfəln	ɛr	ɪn	də	strʊːt	høːl	føːl	rut	rutn	də	ɑxɛnt	lɛ	nɑu	ɛkstra	xɑut	ɔp	ɑs	hɛi	dʏːr	də	strʊːtn	loupt	mʌ	dɛn	sʏxt	hɛi	ɔp	də	hɑuk	fan	də	strʊːt	n	klɑin	jɔŋkjə		hət	jɔŋkjə	ʋʏl	nɛt		ən	stɑin	xʊin	ebm	lʊːtər	sʏxt	də	ɑxɛnt	hət	jɔŋkjə	sɔːmm	mɛt	də	xlʊːzənmɒkər	loupm	d	axɛnt	bəslut	ɔm		bɒi	æː̃n	tə	hɒln	mʌr	ət	lʏkt	hɒm	nɑit	ɔm	sə	tə	pɑkŋ	tə	kriɡŋ
Sneek	ət	ɪs	stɪl	ɔp		straːt	mɑ	dan	ɪniː̃nn	klɪŋkt	bai	ẽĩ	fan	də	hys	hyzn	ət	ɡərɪŋkəl	fan	ɡlaz		ʋif	kɔmt	fəsxrɪkt	na	bytn	hei	dɑt	ɪz		ouk	tufɑləx	da	loup	jyst	də	ɡlɑsɛtər		ʋif	fraːxt	ɒf	hɛi	ət	ryt		maːkə	mɑ	ɪn		kɒrtə	tiːt	ɡaːnstʏkŋ							ryt	raːmə	də	pəlɪsi	siːt			ɡuːt	ɒməmhein	ɑs	di	dʏːr	də	straːtn	loupt	mɑ	dan	sit	hɛi	ɔp	də	hukə	fan	də	straːt					ət	jɔŋkjə	ʋy	krɛkt		n	stiːn	ɡʊiə	əntiːt	l  ̴aːtər	sit	də	pəlɪsi	ət	jɔŋkjə	təɡaːrə	mɛt	də	ɡlaːsəsɛtər	lʌupm	də	pəlɪsi	bəslyt		sə	bɛidə	aːn	tə	hɑudn	mʌr	t	lœkt	əm	nit	ɔm	zə	tə	pakŋ		
Tegelen	ət	ɪs	stɪl	ɔp		stʀoːt	ma	dan	ɪnɛns	klɪŋk	bi	ein	fan	də	hus	hyzəʀ	hɛt	çəʀɪŋkəl	fa	çlaːs	ə	fʀɑu	ʃtɑpt	ɔndɔːn	nə	buːtə	hei	dɑt	ɛz	nʊ	ouk	tufɑləç	dʊːʀ	lœp	nɛt	də	çlaːsætəʀ	də	fʀɑu	fʀʏːç	ɒf	hɪːʀ	də	ʀuːt	wɛl	ʀepəʀɪːʀə	maːʀ	ɪn		kɒʀtə	tiːt	ʃnøfələ	dəʀ	ɛn	də	stʀɔːt	hɪːl	fiːl	ʀut	ʀuːtə	də	pəlitsiæçæ̃nt	læt	nɒu	ækstʀə	çʊːt	ɔp	ɑz	hɪːʀ	dʊːʀ			lœpt	mɑʀ	dæn	syt	ɪ	ɔp	də	hʊːk	fan	də	stʀɒːt	ɛ	klɛin	jʏŋskə		ɛt	jʏŋskə	wɪl	næt		ənə	ʃtæin	çuia	æfə	laːtəʀ	zyt	dəʀ	pəlitsiæçæ̃t	ət	jʏŋskə	saːmə	mæt	də	çlaːsætəʀ	lʌupə	dəʀ	pəlitsi	bəʃlyt	œm	zə	ɑləbæi	aː̃	tə	haːiə	mɑʀ	ət	lœk	hɪm	nɪːt		sə	tə	pɑkə	tə	kʀiçə
Tienen	ət	ɛs	stil	ɔp		stʀɔːt	mɑ	dɑn	ɪniː̃ns		bɛi	ein	fɑn	d	ɑːs	ɑːsə		çəklɛtəʀ	fɑn	çlɑs	ə	fʀɑː	kɔmt			bœːtə								lup	ʒyst		çlɑːzəmɑːkəʀ		mɑdɑm	fʀɑːçt	ɒf	eia	də	ʀaːt	wɪl	ʀɛpaʀɛiʀə	mɑ	u		kɑtən	tæːt	snɑifələ		in	də	stʀɔːt	iːl	fɑil		ʀaːtə	də	pɒlis		nːɒ̃				ɑz	m	dœʀ			lʏpt	mɑ	dɑn	seit	m	ɔp	dən	uk	fɑn	də	stʀʊːt	ə	klæːn	mænəkə			mænəkə	wɪl	ʒys		ən	stiː̃	smæːtə	əbæcə	lʊːtəʀ	søt	də	pɒlis		mænəkə		bɛ	də	çlɑːzəmɑːkəʀ	lɤːpə	də	pʊlis	dæsidɑit	fœʀ	s	ɒlətwi	ɯp	tə	pakə	mʌʀ				ni		zə		pɑkə		
Tilligte	t	ɪs	rʏstəx	ɔp		strʌːt	mɛ	dan	ɪneː̃s		bi	ɪː̃	fan	də	hus	hys		xərɪŋkəl	fa	xlas	ə		stapt		nə	butn	hɪː	da	s			tufaləx	də	lœp	jyst		xlasɛtər			frœx	ɒf	ə	də	rut		maːkŋ	mɛ	ɛn	ən	kɒrtə	tit	xeːtkəpʌət	ər	ɪn	də	strʌːt			rut	rutn		plitsi	lɛt		ɛkstrʌ	xʊd	ɔp	as	he	dʏːr	də	strʌːtn	lœp	mə	dan	sɪt	he	ɔp	də	hoːk	fan	də	strʌːt	ən	klɛin	jʏŋskə		hət	jʏŋskə	ʋɪl	nɛt	mɛt	n	stɪːn	xʊin	nɪxfəl	laːtər	sʏt	də	axɛnt	ət	jʏŋskə	saːmm	mɛt	də	xlasɛtər	loːpm	d	axɛnt	ʋɪl		zə	ɑləbæi	ɑn		ɒːn	mær	ət	lʏkt	əm	nɪ̃x	ɔm	sə	tə	pakŋ	tə	kriɡŋ
Uithuizen	t	ɪs	stɪl	ɔp		strʊːt	mʌ	dɛn	ənɒ̃ĩs	klɪŋkt	bi	ɒ̃ĩ	fan		huz	huzn	hɛt	rɪŋkəln	fa	xlaːs		frɑːu		fəsxrɪkt	nə	butn	hei	da	z			tufaləx	dʊː	lɒpt	krɛkt		xlasɛtər		frɑːu	fraːxt				rut		mɒkŋ	mʌr	in		kɒːrdə	tit	snøfəln	ɛr	in		strʊːt			rut	rutn		pəlitsiɑxɛnt	lɛt	nɑu	ɛkstra	xɑud	ɔp	ɑz	hɑi	dʏːr			lʌpt	mʌr	dɛn	zɪxt	hɑi	ɔp		hɑuk	fan		strʊːt	ə	løɟə	jɔŋkjə		t	jɔŋkjə	ʋɪl	nɛt		n	stɑin	smitn	eibm	lʊːdər	zʏx		pəlitsiɑxɛː̃t	t	jɔŋkjə	sʊːmm	mɛt		xlasɛtər	loupm		ɑxɛnt	bəslyt	ɔm		bɒːidnt	aː̃	tə	hɒln	mʌr	t	lʏkt	hɒm	nɑit	ɔm	sə	tə	pakŋ	tə	kriɡŋ
Vaals	əd	ɛʃ	ʃtɛl	ɪ		ʃtʀɔəʃ			ɔbɛns		bei	eː	fan	də	huːs	hyzəʀ	ət	jəʀɪŋkəl	fɑ	jlɑːs	ein	fʀɑu	kʏmt	jɑnsɛntsɛtzt	əʀ	uːʃ	hei	dɑt	ɪs			sufæləʃ	də	kʏmt			fɪnstərmɑːχəʀ	də	fʀɑu	fʀɒd	ɒf	hɛː		fɪnstəʀ	wɛl	ʀɛpɑʀiːʀə		ɪn		kʊʀtə	tsit	jʊntkɑpɒət		ɪ	jɪn	ʃtʀɔəʃ	jɑns	fʏl		fɪnstəʀə	dəʀ	pʊlis	kikt	nun	ækstʀa	juːt		wɛn	hɪːʀ	dœʀç			jeːt	mɑ	dan	siːt	hɪːʀ	ɔp		ɛk	fɑ	jən	ʃtʀɔəʃ							wɛl	çʀaːt	mɛd	ənə	ʃteː	wæʀpə	jæts	ʃpeːdəʀ	siːt	dəʀ	pʊlis				be	dəʀ	fɪnstərmɑːχəʀ	loːfə	dəʀ	pʊlis	wɛl				aː		hɑuə	maʀ				nɪt			tsə	pɑkə		
Veenwouden	ət	ɪs	stɪl	ɔp		dik	mɑ	dan	ɪnɪːnn	klɪŋkt	bi	ɪː̃	fan	də	huːs	huzn		ɡərɪŋkəl	fa	ɡlɛːs	ə	frau	rɪnt	fəslax	nə	butn		dɑt	ɪs			təfɑləx	dɛː	rɪnt	krɛkt	də	ɡlɛːsɛtər	də	frau	freixət	dɑt	i	ət	ryt	ʋɒl	mɑitʃə	mɑr	ɪn		kuɑtskɒfkə	tiːt	snøfələ	dər	ɪn	də	strɪtə			ryt	rytn	də	pliʃəman	lɛt	nɑ	ɛkstrə	ɡuːt	ɔp	ɑs	i	trʊ	də		rɪnt	ma	dɑn	ʃʏxt	e	əp	ə	hukə	fan	də	strɪtə	ə	lits	jɔŋkjə		ət	jɔŋkjə	sʌl	krɛk	mɛi	ə	stɪː̃	ɡʊiə	eifə	lɛtər	ʃʏxt	də	pliʃəman	ət	jɔŋkjə	təɡɛrə	mɛ	də	ɡlɛːsɛtər	rɪnn	də	plisiman	bəslyt	ɔm	zə	bɛidə	ʊːn	tə	hʌːdn	mɑr	ət	lʏkt	əm	nɛt	ɔm	sə	tə	pɑkŋ	tə	kræiən
Venray	ət	ɪs	stɪl	ɔp		stʀʌː	mɑ	dɑn	nɛː̃s	klɪŋk	bɪ	ɪː̃	fan	də	hys	hyz	ət	çəʀɪŋkəl	fə	çlɑs	ə	fʀɒu	stɑpt	ɔndɒɑn	nə	bytə	heː	dɑ	s	nɑu	ɒːk	tufɑləç	dʌː	lœpt	jyst	də	çlɑsætəʀ	də	fʀɒu	fʀɒːçt	ɒf	hɛi	də	ʀyt	wɪl	ʀəpəʀɪːʀə	mɑʀ	ɪn		kɒʀtə	tit	çʌːnkəpʌt	dəʀ	ɪn	də	stʀʌət		fɪːl	ʀyt	ʀytə	də	pliʃə	læt	nɑu	ækstʀa	çuːt	ɔp	ɑs	hei	dʏːʀ	də	stʀʌətə	lœpt	mɑ	dɑn	zit	hɪːʀ	ɔp	dən	huk	fən	də	stʀʌət	ə		mɛnəkə		ət	mænəkə	wɪl	næt		ən	stɪːn	çʊiə	ɪfkəs	lɑtəʀ	zit	də	pliʃəçænt	ət	mænəkə	saːmə	mæt	də	çlɑsætəʀ	lɯəpə	də	æçænt	bəslyt	œm	zə	ɑləbɛː	aːn	tə	hɑldə	maʀ	ət	lʏkt	əm	ni	œm	z	tə	pɑkə	tə	kʀijə
Veurne	t	ɪs	stɪl	ɔp		strɒːtə	mʌr		ɒmətəkir	kliŋk	bi	ɪː̃	fan	d	ys	yzn	t	həriŋkəl	fɑ	χlɑs	ə	frouə	stɑpt	fərsχoːtn	nɑ	bytn							dʊː	loup	ʃyst	də	hlʊːzəmʌːkər		mɑdɑm	frɑːht	ɒfdɑt	m	də	rytə	wɛl	fəmɑːkŋ	mʌr	ɛ		kɒrtn	tit	snøfəln	dər	ɛn	də	strɒːtə	stif		rytə	rytn	də	pɒliʃə	læt	ny		hud	œp	ʌt	m	dʏːr			lɒpt	mɒr	tʊnə	siːt	m	œp	dən	uk	fan	də	strʊːt	ə	klɪːn	fɪncə		t	fencə	wɛl	ʃyst		ə	stɪː̃	smitn	əbecə	lɒːtər	siːt	də	pɒliʃə	ət	fɪncə	toːpə	mæt	də	hlʊːzəmʌːkər	loːpm	də	pɒliʃə	bəslyt	fʊ	z	ɒlətwi	œp	tə	pɑkŋ	mɒr	t	lʏkt	æm	ni	fɯ		tə	pɑkŋ		
Vrouwenparochie	ət	ɪs	stɪl	ɪn		straːt	mɑ	dan	ɪnẽĩnn	kl  ̴ɪŋkt	bai	ẽĩ	fan	də	hyːs	hyzn		ɡərɪŋkəl		ɡl  ̴aːs	ə	frau	stapt	skrɔkə	na	bytən	hei	dɑ	s	nau	ouk	tufaləx	daː	loupt	krɛkt		ɡlɑːsɛtər	də	frɑu	fraːxt	ʌf	hɛi	ət	ryt	ʋɪl	maːkə	mɑ	ɪn		klɒinskɒftsi	tiːt	snøfələ	dər	ɪn	də	straːt			ryt	rytn	də	pəlisi	siːt			ɡuːt	ɒmmhinə	ɑt	i	dʏːr	də	straːtn	loupt	mʌr	dan	siːt	i	ɔp	də	huk	fan	də	straːt	ə	klɑin	jɔŋki			jɔŋki	ʋɪl	krɛkt		ən	stein	smitə	əskɒfʃə	laːtər	siːt	də	pəlisi	ət	jɔŋki	təɡaːr	mɛt	də	ɡlɑːsɛtər	loupm	də	pəlisi	bəslyt	ɔm	sə	bɒidə	ɑn	tə	hauən	mar	t	l  ̴ʏkt	əm	nit	ɔm	sə	tə	pakən	tə	kræiən
Waubach	ət	ɪʃ	ʃtɪl	ɔp		ʃtʀɔət	mɑ	dan	ɔpɪns		bɛi	eː̃	fɑn	də	huːs	huːzə		çəʀɪŋkəl		çlaːs	eːn	fʀɑu	kʏmt	çəsçʀɔkə	nə	buːtə	hei	dɑt	ɛz		ouk	tufɑləç	dʌ	lœpt	çʀaːt	də	çlɑːsætəʀ	də	fʀɑu	fʀʏçt	ɒf	hɪːʀ	də	ʀuːt	wʏl	mɑːkə	mɑʀ	ɛn		kɒʀtə	tit	çɒnkɑpʊt		ɛn	də	ʃtʀɔət	çɑns	fʏːl	ʀut	ʀuːtə	dəʀ	pəlis	læt	nu	ækstʀə	çʊːt	ɔp	wæn	hɪːʀ	dœʀç	də	ʃtʀɔətə	lœpt	mɑ	dan	ziːt	əʀ	ɔp		æk	fən	də	ʃtʀɔət					hɛt	jʏŋskə	wɪl	çʀaːt		ənə	ʃteː	wæʀpə	çæt	laːtəʀ	siːt	dəʀ	pʊlis	ət	jʏŋskə	sɑːmə	mæt	də	çlɑːsætəʀ	loːpə	dəʀ	pʊlis	bəʃlyt	ɔm	zə	ɑləbei	aː	tə	houə	mɑʀ	ət	lœkt	əm	nɪt	ɔm	zə	tə	pɑkə	tə	kʀiçə
Wervershoof	ət	ɪs	stɪl	ɔp		strɛit	mæ	dɛn	ɪniː̃ns	klɪŋkt	bai	iː	fæn	də	hæys	hayzə		xərɪŋkəl		xlas		frau	stapt	ɔndain	nə	baytə		da	s	naːu		tufaləx	di	lɑːpt	jayst		xlasɛtər	də	frau	fraːxt	ɒf	ti		raːm	wɪl	maːkə	mæ	ɪn		kɒrtə	tʌit	xaːnstɪk	ə	ɪn		strɛit	fəsxrɪkələk	fœːl		raːmə	də	tyt	lɛt	nɑu	ɛkstra	xut	ɔp	ɑʃ	i	dʏːr	də	strɛitə	lʌupt	mɑr	dɛn	sit	hɛ	ɔp	də	huk	fanʲ	də	strɛit	ə	klɒin	jɔwi		ət	jɔwi	wɪl	nɛt		ə	stɪː̃	xʊiə	ɛfis	laːtər	sit	də	tyt		jɔwi	saːmə	mɛt		xlasɛtər	lɑupə	də	tyt	bəslɪst	ɔm	zə	bɒidə	ɑnʲ	tə	hauə	mɑr				nit		sə	tə	pakə		
Westhoek	ət	ɪs	stɪːl	ɔp		dik	ma	dan	ɪnẽĩs	kl  ̴ɪŋkt	bai	ẽĩ	fan	də	hyːs	hyːzn		ɡərɪŋkəl	fan	ɡl  ̴aːs	ə	frau	stapt	ɔndɛin	na	bytn	hei	da	z	nau	ouk	tufaləx	dæː	loup	krɛkt	də	ɡl  ̴ɑːsɛtər	də	frau		ɒt	i	ət	ryt	ʋʏl	maːkə	ma	ɪn		hʏtsi	tiːt	snøfələ	dər			dik		fœːl	ryt	rytn	də	pəlisi	siːt	nɑu		ɡuːt	yt	ɑt	hɛi				loupt		dan	siːt	hɛi	ɔp	ə	huk	fan		dik	ə	klɑin	jɔŋki		ət	jɔŋki	sɛl	krɛkt		ən	stein	ɡʊiə	ənhʏtsi	l  ̴aːtər	siːt	də	pəlisi	ət	jɔŋki	təɡaːr	mɛt	də	ɡl  ̴ɑːsɛtər	lʌupm	də	pəlisi	bəsl  ̴yt	əm	zə	bɒidə	ɑːn	tə	haːuən	mɑr	ət	l  ̴ʏkt	əm	nit		sə	tə	pɑkən	tə	kræiən
Westkapelle	t	ɪs	stɪl	ɔp		stræːtə	mɑ	dan	əniː̃s	klɪŋkt	bei	ɪː̃	fɑn	d	ys	yzn		xəriŋkəl	fɑ	hlɑs	ə	fraːuə	stapt	ɔndæːn	næ	bytn		dɑ	z	nʊ	ouk	tufɑləχ	dæː	loːp	jyst	də	χlʌsætər	də	fraːuə	fraːχt	ɒf	m	də	rytə	wɛl	mæːkə	mɑ	ɛ		kɒrtə	tit	snøfələ	dər	ɛn	də	stræːtə	ɪːl	fɛː	rytə	rytən	də	pʊlisi	læt	nu	ækstrɑ	χut	ɔp	ɑs	m	dʏːr	də	stræːtn	loupt	ma	dɑnʲ	sit	m	ɔp	dən	uk	fanʲ	də	stræːtə	ən	klɛin	juəcə		hɛt	juəcə	wɛl	næt		ə	stei	χʊiə	eifə	læːtər	sit	də	pʊlisi	ət	juəcə	sæːmən	mæt	də	χlɑsætər	loupən	də	pʊlisi	bəslyt	ɔm	zə	ʊləbæi	ɑn	t	aːən	mɑr	t	lœkt	æm	ni	ɔm	zə	tə			
Workum	ət	ɪs	stɪl	ɪn		strɪtə	mɑ	dan	ɪnɪː̃s	klɪŋkt	bai	ɪː̃	fan	də	hys	hysn		ɡərɪŋkəl	fan	ɡl  ̴ɛːs	ə	frau	stapt		na	bytn	hei	da	s			tufɑləx	dɛːr	rɪnt			ɡlɛːsəɛtər	də	frau	freixət	ɒt	ər	ət	ryt	ʋɒl	repərɪːrə	mɑːr	in		kɒrtə	tiːt	ɡɛnstɪkə		in	ə	strʏtə			ryt	rytn	də	pliʃə	lɛt	nɑu	ɛkstra		ɔp	ɒt	ə	trʏ	də	strʏtn	rɪnt	mɑ	dɑn	ʃʏxt	ə	ɔp	ə	hukə	fan	də	strʏtə	ə	lits	jɔŋkjə	stɪː̃n	ət	jɔŋkjə	ʋɔl	krɛk		ə		ɡʊiə	eifə	lɛtər	ʃœt	də	pliʃə	ət	jɔŋkjə	təɡɛːrə	mai	də	ɡlɛːsɛtər	rɪnn	də	pliʃə	bəslyt			baidə	ʊːn	tə	hʌːdn	mɑːr	ət	lʏk		nɛt		sə	tə	pakə	tə	kræiə
Zandvliet	t	ɪs	stɪl	ɔp	t	strɑːt	mɒr		ɪnɪː̃s	kliŋkt	bɛi	ɪː̃n	fan	d	œːs	œːzə		çəriŋkəl	fa	çlas		madam	stapt		nər	bœːtə	hei	dɑ	s	nɑu	ʊːk	tufɑləx	dər	lɔp	ʃyst		çlɑːzəmɑːkər		madam	frɑːçt	ɒfdat	m		rʌːm	wʏlt	mʌːkə	mɒr	in		kœrtən	tæːt	xɒːnkæpɒt	dər	ɪn	t	strʌːt	hiːl	fœːl		rʌːmə	də	pɒlis	læt	nɑu		hɑːrt	up	ɑs	m	dʏːr	də	strʌːtə	lɔːpt	mʌr	dan	siːt	m	up	dən	uk	fan	t	strʌːt	ən	klɛin	jɔŋəskə			juəskə	wʏl	tʃyst		nə	stɪː̃	çʊiə	əbitʃə	lɑːtər	siːt	də	pɒlis		juəskə	sʌːmə	mɪt		çlʌːsəmʌːkər	lɤːpə	də	pɒlis	bəslist	ɔm	zə	ɑlətwɑi	ɑːn	t	hɑuə	mɒr	t	lʏk		ni	ɔm	z	tə	pakə		
Zevenhuizen	hɛt	ɪs	stɪl	ɔp		strʊːt	mʌr		ɪnẽĩns		bɑi	ɪː̃	fan	də		hyzn		xərɪŋkəl		xlas	ə	frau	stap	aː̃slɒɡŋ	nə	bytn	hei	dæ	z	nau		tufaləx	də	lʌp	nɛt		xlasɛtər	də	frau	frʊːxt	ɒf	hɛi		xlas	ʋʏl	mʌːkŋ	mʌr	in		sxʌfkə	tit	xɒːnstʏk	ə	in		strʊːt		føːl		rʊːmm	də	pəlitsi			ɛkstrə	χud		az	ə	dʏːr	də	strʊːtn	lʌpt	mʌ	dan	sɪxt	hɛ	ɔp	ə	huk	fan	də	strʊːt	ə	lø	jʌŋkjə		hət	jʌŋkjə	ʋɪl	nɛt		n	stein	xʊin	əsxɒfkə	lʊːdər	sɪxt	də	plitsi	ət	jʌŋkjə	sɒːmm	mɛt	də	xlasɛtər	lʌupm	də	plitsi	bəslyt	ʏm	sə	baidn	aː̃	tə	hɒːln					nit			tə	pɑkŋ		kriɡŋ
Zierikzee	hɛt	ɪs	stɪl	ɔp		straːtə	mɑ	dɑn	ɪnɪː̃s	kliŋkt	bi	eː̃n	fɑn	də	ys	ysn		xərɪŋkəl	fɑ	χlɑs	ə	fraːuə	stɑp	ɔndaːn	na	bytə		dɑ	z	nʊ	oːk	tufɑləχ	daː	lʌp	jyst	də	xlɑsætər	də	məfrau	fraːχt	ɒf	m	də	rytə	wɪl	maːkə	mɑ	ɪ		kɒrtə	tit	snøfələ	dər	ɪn	də	straːtə	ɪːl	feː	rytə	rytən	də	pəlisiɑχɛnt	kik	nu	ækstra	xut		ɑt	m	dʏːr			l  ̴ɑpt	mɑ	dɑn	sit	m	ɔp	t	huk	fɑn	də	straːt	nə	klɛin	jɔŋəcə		ət	jɔŋəcə	wɪl	næt		ə	steinə	xʊiə	eifən	laːtər	zit	də	pəlitsiɑχɛnt	ət	jɔŋəcə	saːmə	mət	də	χlɑsætər	lɑːpə	də	ɑχɛnt	bəslyt	ɔm		bæiə	ɑn	tə	aːun	mɑ	ət	lʏkt		ni		sə	tə	pɑkə	tə	krɪχən
Zwinderen	hɛt	ɪs	rʏstəx	ɔp		strʌːt	mɑr		ɪneː̃s		bai	eː̃	fɑn	də	hys	huːzn	hɛt	xərɛŋkəl	fa	xlɑs	ə	frɑu	kɔm	bətøːtərt	nɑ	bytn							dʌ	lœp	nɛt	də	xlɑsɛtər	də	frɑu	frʌx	ɒf	hɑi	də	rutə	ʋɪl	maːkŋ	mɑr	ɪn		kʌrtə	tit	snøfəlt	ər	ɪn	də	strʌːt			rut	rutn	də	pəlitsiɑxɛnt			ɛkstra			ʋənɪːr	hɛi	dʏːr	də	strʌːtn	lœp	mɑ	dɑn	sœt	ɪ	əp	də	hɯk	fɑn	də	strʌːt	ə	klɛin	kɪrəlti		hət	fænti	ʋʏl	jyst		ə	stɪː̃	xʊin	eːbm	laːtər	sœt	də	ɑxɛnt	t	jɒxi					loːpm	də	ɑxɛnt	bəslœt	ɔm	sə	bɛidn	ɑn	tə	hɒːln	mar				nit		sə	tə	pɑkŋ		