recording	als_o	als	bij_o	bij	buiten_o	buiten	door_o	door	glas_o	glas	goed_o	goed	hem_o	hem	hij_o	hij	hoek_o	hoek	houden_o	houden	huizen_o	huizen	in_o	in	is_o	is	juist_o	juist	klein_o	klein	korte_o	korte	krijgen	krijgen	later_o	later	loopt_o	loopt	lopen_o	lopen	met_o	met	naar_o	naar	niet_o	niet	nu_o	nu	om_o	om	ook_o	ook	op_o	op	ruit_o	ruit	steen_o	steen	stil_o	stil	straat_o	straat	straten_o	straten	tijd_o	tijd	vraagt_o	vraagt	wil_o	wil	ziet_o	ziet
diareg_jv_Appelscha	əs	ɑs	bɛi	bɛi	bytn	byʔn	dʏːr	dœ			xut	xut			hɛi	hɛi	hukə	hukə	hɒːdn	hɔːdn	hyːsn	hyːsn	ɪn	ɪn	ɪs	ɪs	jyst	jyst	klɛin	klɛin	kɒrtə	kotə			læːtər	læːtə	lœp	lœp			mɛt	mɛ	nɛ	na	nit	nit			ɔm	om	oːk	ok	ɔp	op	rytə	rytə	stiːnə	stinə	stɪl	stɪl	strʌːtə	strɑːtə	strʌːtn	strɑːʔn	tit	tit	frʌːxt	frɑːxt	ʋɪl	ʋɪl	sit	sit
diareg_jv_Dokkum	ɑt	at	bai	bɛi	bytn	byʔn	dʏːr	dœ	ɡl  ̴ɑs	glas	ɡuːt	guət	əm	əm	hɛi	hɛi	hukə	hukə	haːuən	hɔuən	hyzn	hyzən			ɪs	ɪs	jyst	jyst	kl  ̴ɛin	klɛin	kɒːrtə	kotə	kræiən	krɛiən	l  ̴aːtər	laːtər	lʌp	loːpt			mɛt	mɛ	nar	nar	nit	nit	nɑu	nɔu	ɔm	om	oːk	ok	ɔp	op	ryt	ryt	stɪː̃	stiən	stɪl	stɪl	straːt	straːt	straːtn	straːʔn	tit	tit	fraːxt	fraːxt	ʋɪl	ʋɪl	siːt	siət
diareg_jv_Eelde	ɑz	az	bi		butn	buʔn	dʏːr	dœ	xlaːs	xlas	xɑud	xɔud	əm	əm	ə	i	hɑuk	hɔuk	hɒːdn	hɔldn	huːzn	huːzn	ɪn	ɪn	ɪs	ɪs	jyst	jyst	klɛin	klɛin	kœːrdə	kœːdə			lɔːtər	lɔːtə	lɒp	lop	lɑupm	loːʔm	mɛt	mɪ	nɔ	nɔ	nait	nɛit	nɑu	nɔu	ɔm	om	ouk	oːk	ɔp	op	rut	rut	stɑin	stain	stɪl	stɪl	strʊːt	strɔːt	strʊːtn	strɔːʔn	tit	tit	frʊːxt	frɔxt	ʋɪl	ʋɪl	sœt	sʏt
diareg_jv_Finsterwolde	az	as			butn	buʔn	dʏːr	dœ	xlas	xlas	xɑud	xɔud	hɒm	om	hɑi	hai	hɑukə	hɔukə	hɒːdn	hɔːdn					ɪs	ɪs	nɛt	nɛd		løtjə	kœːrtə	kœːtə	kriɡŋ	krɪgŋ	lʊːtər	lɔːtər	lɒp	lop	lʌupm	loːʔm	mɛt	mɪ	nɒ	nɔ	nɒit	nɔit	nɑu	nɔu	ɔm	om	ɤuk	oːk	ɔp	op	rʊːm		stɒinə	stɔinə	stɪl	stɪl	strʊːtə	strɔːtə	strʊːtn	strɔːʔn	tit	tit	frɑːxt	vraxt	ʋɪl	ʋɪl	sʏxt	zʏx
diareg_jv_Grijpskerk	az	as	bɛi	be	bytn	byʔn	dʊːr	do	xlaːs	xlas	xʊt	xud	hɛm	hɛm	hɛi	hɛi	huk		hɒln	hɔln	hyːzn	hyːsn	ɪː̃	in	ɪs	ɪs	jyst	jyst	lʏ	lʏt	kɒrdə	kodə	kriɡŋ	kreːŋ	lʌːtər	lɑːtə	lɒp	lop	loupm	loːʔm	mɛt	mɛ	na	na	nɪt	nɪt		no			ɒk	ok	ɔp	op	rut	ryt	steːn	stɪːn	stɪl	stɪl	strʌːt	strɑːt	strɒːtn	strɑːʔn	tit	tit	frɒːxt	frɔxt	ʋʏl	ʋɪl	sɪxt	sɪx
diareg_jv_Groenlo	əs	ɑs	bei	be	bytn	byʔn	dʏːʀ	dœ	xlas	xlɑs	xʊd	xoːd			i	i			hɒln	hɔln	hyːsəʀ	hyːzə	ɪn	ɪn	ɪs	ɪs	jyst	jyst	klɛin	klɛin					lʌtəʀ	lɔːtə	lʏp	lɪp	loːpm	lɔːʔm	mɛt	mɪ	nə	na	neːt	neːt	nɒu	no	ɔm	ʏm			ɔp	op	ʀytə	rytə	steːn	steːnə	stɪl	stɪl	stʀʌːtə	strɑːtə					fʀœx	frœx	ʋʏl	ʋɪl	zʏt	zʏt
diareg_jv_Grolloo	as	as	bɛi	bɛi	bytn	byʔn	dʏːr	dœ	xlas	xlas	xud	xuːd			ə	ə	huk	huk	hɒln	hɔldn	hyzn	hyːzən	ɪn	ɪn	ɪs	ɪs	jyst	jyst	klɛin	klɛin	kœrtə	kœtə	kriɡŋ	krigŋ	lʌːtər	lɑːtə	lʌp	lop	lʌupm	loːʔm	mɛt	mɪ	nɑ	na	nit	nit	nɑu	nɔu	ɔm	ʏm	oːk	oːk	ɔp	op	ryt	ryt	steːn	stiːn	stɪl	stɪl	straːt	straːt	straːtn	straːʔn	tit	tit	frʌx	frɑx	wʏl	ʋɪl	sœt	zʏt
diareg_jv_Grouw	ɑt	ɑt	bai	bai	butn	buʔn	trɒx	trox	ɡl  ̴ɛːs	glɛːs	ɡuːt	guət	əm	əm	hɛi	hɛi	hukə	hukə	hɒːdn	hɑːdn	hyzn	hyzən	ɪn	in	ɪs	ɪs	krɛkt	krɛʔ			kuɑtə	kʋatə	kræiən	kraiən	lɛtər	lɛtər	rɪnt		rɪnn	rɪnː	mɑi	mai	na	na	nɛt	nɛt							ɔp	op	ryt	ryt	stiː̃	stiən	stɪl	stɪl	strɪtə	strɪtə			tiːt	tiːt	freixət	frexət	ʋɔl	ʋɪl	ʃɔxt	ʃox
diareg_jv_IJsselmuiden	ʌs	ɑs	bei	bɛi	bytn	byʔn	dʏːʀ	dœ	xlɑs	xlɑs	xut	xud	əm	əm	i	i	huk	huk	hɒln	hɔln	hyzn	hyːzn	ɪn	ɪn	ɪs	ɪs	nɛt	nɛt		klɛin	kɑʀtə	kœtə	kʀiɡŋ	kriːŋ	laːtəʀ	laːtə	lʌp	lœp	lʌupm	loːʔm	mɛt	mɛ	nə	na	nit	nit	nɑu	nɔu	œm	ʏmə	oːk	ok	ɔp	op	ʀytə	rytə	steːn	steːn	stɪl	stɪl	stʀʌːtə	strɑːtə	stʀʌːtn	strɑːʔn	tit	tit	fʀœx	frœx	ʋʏl	ʋɪl	zœt	zʏt
diareg_jv_Jubbega	ɑs	as	bai	bɛi	butn	buʔn	trɒx	trox		glɛːs	ɡuːt	guət			hɛi	hɛi	hukə	hukə	hɑːdn	hɑːdn	hyzn	hyzən			ɪs	ɪs	krɛk	krɛʔ	lits	lits	kuɑtə	kʋatə			lɛtər	lɛtər	rɪnt		rɪnn	rɪnː	mɛi	mɛi	na	na	nɛt	nɛt	nə	nɔu	ɔm	om			ɔp	op	ɡlɛːs		stiː	stiən	stɪl	stɪl	strɪtə	strɪtə	strɛtn	strɪʔn	tiət	tiːət	freixət	freɣət	ʋɔl	ʋol	ʃœt	sjot
diareg_jv_Kampen			bi	bi	bytn	byʔn			xlɑs	xlɑs	xut	xut	həm	əm					hɒln	hɔln	hyzə	hyːzn	ɪn	ɪn	ɪs	ɪs	jyst	jyst	klɛin	klɛin	kɒʀtə	kotə	kʀiɡŋ	kriːŋ	laːtəʀ	laːtər	lœp	lœp	loːpm	loːʔm	mɛt	mɛ	nə	na	nit	nit			ɔm	ʏm	ok	ok	ɔp	op	ʀytə	rytə	steːnə	stenə	stɪl	stɪl	stʀʌːtə	strɑːtə			tit	tit	fʀœx	frœx	ʋɪl	ʋɪl	sit	sit
diareg_jv_Koekange	ɑlz	ɑz	bei	be	bytn	byʔn	dʏːr	dœ	xlas	xlas			əm	əm	he	e	huk	huk	hɒln	hɔln	hyːzn	hyzn			ɪs	ɪs			klɛin	klɛin	kɒrtə	kotə	kriɡŋ	kriːŋ	laːtər	laːtr	kʏm		loːpm	loːʔm	mɛt	mɪ	nə	nɔ	nit	nit			œm	ʏm			ɔp	op	rutə	rudə	steːn	stiːn	stɪl	stɪlə	strʌːtə	strɔːtə			tit	tit	frœx	frœx	wɪl	ʋɪl	sɛt	sʏt
diareg_jv_Laren	as	as	bi	bi	bytn	byʔn	dʏːr	dœ	xlas	xlas			əm	əm	ə	ə	hoːk	hoːk	hɒln	hɔln	hyzə	hyːzə	ɪn	ɪn	ɪs	ɪs			klɛin	klɛin	kɒrtə	kotə	kriɡŋ		laːtər	laːtə	lœpt	lœp	lɔːpm	lɔːʔm	mɛt	mɛ	nə	na	ni	ni	nu	no	œm	ʏm	oːk	oːk	ɔp	op	rutə	rutə	steːn	steːn	stɪl	stɪl	strʌːtə	strɑːtə	strʌːtə		tit	tit	frœx	frœx	ʋɪl	ʋɪl	sœt	zʏt
diareg_jv_Lemmer	ɑt	ɑt	bai	bɛi	bytn	byʔn	trɔ	trox	ɡlɛːs	glɛːs	ɡuːj	gui	əm	əm	hɛi	hɛi	hukə	hukə	hɒːdn	hɑːdn	hyzn	hyzn	in	in	ɪs	ɪs	krɛk	krɛg	lits	lits	kœːtə	kœdə	kræiən	krɛiən	lɛtər	lɛtə			rɔnn	ronː	mai	mɛi	nə	nɛi	nɛt	nɛt			ɔm	om			ɔp	op	raː̃m		stɪː̃n	stiən	stɪl	stɪl	strɪtə	strɪtə			tiət	tiːət	freixət	freɣət	ʋɔl	ʋol	ʃʏt	ʃot
diareg_jv_Nijverdal	ʌs	ɑs	bi	bi	bytn	byʔn			xlɑs	xlɑs			əm	əm	ə	ə	huːk	huːk	hɒln	hɔln	hyzə	hyːzə	ɪn	ɪn	ɪs	ɪs	nɛt	nɛʔ	klɛin	klɛin			kriɡŋ	kriŋ	lʌːtər	laːtə			loːpm	lɔːʔm	mɛt	mɛ	na	na	ni	ni	nu	nu					ɔp	op	rutə	rutə	stɪː̃	stɪːn	stɪlə	stɪlə	strʌːtə	strɔːtə					frœx	frœx	ʋʏl	ʋɪl	zœt	zʏt
diareg_jv_Noordwolde			bei	bi	bytn	byʔn	dʏːr	dœ	xlas	xlas	xʊt	xut	əm	əm			hukə	hukə	holn	hɔln	hyːsn	hyːsn	ɪn	ɪn	ɪs	ɪs	jyst	jyst	klɛin	klɛin	kɒrtə	kotə	kriɡŋ	kriŋ	læːtər	læːtr	lœp	lœp	loupm	loːʔm	mɛt	mɛ	na	na	nit	nit		nɔu	ɔm	om	oːk	oːk	ɔp	op	rytə	rytə			stɪl	stɪl	strɑːtə	straːtə	strʌːtn	straːʔn	tit	tit	frʌːxt	frœxt	wɪl	ʋɪl	sit	sit
diareg_jv_Ommen	ɑs	ɑz	bi	bi	bytn	byʔn	dʏːr	dœ	xlas	xlas	xut	xud	əm	əm	ə	ə	huk	huːk	hɒln	hɔldn	hyːzn	hyzn			ɪs	ɪs	jyst	jys			kœrdə	kœdə	kriɡŋ	kriəŋ	laːtər	laːtə	kɔm		loːpm	loːʔm	mɛt	mɛ	na	na	ni	ni			ʏm	ʏm			ɔp	op	rutə	rut	stiː	stiːn	stɪl	stɪl	strʌːt	strɑːt	strʌːtn	strɑːʔn	tit	tit	frʏx	vrœx	wɪl	ʋɪl	sœt	zʏt
diareg_jv_Onstwedde	as	az	bi	bi	butn	buʔn	dʏːr	dœ	xlas	xlas	xɑud	xɔud	əm	əm	hɛi	hɛi	hɑukə	hɔukə	hɒːdn	hɔldn	huzn	huzn	ɪn	in	ɪs	ɪs	jyst	jys	løcə	løtjə	kœːrdə	kœːdə	kriɡŋ	krigŋ	lɒːtər	lɔːtə	lɒp	lop	lʌupm	loːʔm	mɛt	mɪ	nʊ	na	ni	ni	nɑu	no	ɔm	om			ɔp	op	rudə	rudə	stɑinə	stainə	stɪl	stɪl	strɔːdə	strɔːdə	strɔːtn	strɔːʔn	tit	tit	frɔːxt	frɔːxt	ʋɪl	ʋɪl	sœx	zʏx
diareg_jv_Roswinkel	ɑs	as	bi	bi	butn	buʔn	dʏːr	dœ	xl  ̴as	xlas	xɑud	xɔud	hɛm	əm	ə	ə	hɑukə	hɔukə	hɒːdn	hɔldn	huzn	huzn	ɪn	ɪn	ɪs	ɪs	jyst	jys	klɛin	klɛin	kœːrdə	kœːdə	kriɡŋ	krigŋ	lɒːtər	lɔːtr	lɒp	lop	loupm	loːʔm	mɪt	mɪ	nɒ	nɔ	nit	nit	nɑu	nɔu	œm	ʏm	oːk	oːk	ɔp	op	rudə	rudə	stɑinə	stainə	stɪl	stɪl	strʌːdə	strɑːdə	strʌːtn	strɑːʔn	tit	tit	frax	frax	ʋɪl	ʋɪl	sʏx	sʏx
diareg_jv_Sexbierum	ʌs	ɑs	bai	bɛi	butə	butən	trɒ	tro	ɡl  ̴ɛːs	glɛːs	ɡuːt	guːt	əm	əm	hɛi	hɛi	huk	huk	hɑːdn	hɑːdn	hyzn	hyzən	in	in	ɪs	ɪs	krɛk	krɛʔ	lits	lits	kuɑtə	kʋatə	kræiən	krɛiən	lɛtər	lɛtə	rɪnt	rɪnt	rɪnn	rɛnː	mɑ	mai	na	nai	nɛt	nɛt	nau	nɔu	ɔm	om	ɛk	ɛk	ɔp	op	ryt	ryt	stɪː̃	stiən	stɪl	stɪl	strɪtə	strɪtə	strɪtn	strɪʔn	tiːt	tiːt	freixət	freɣət	ʋɔl	ʋol	ʃʏd	sjʏt
diareg_jv_Sint-Annaparochie	ɑt	at	bɛi	bɛi	bytn	byʔn	dʏːr	dœ	ɡl  ̴ɑs	glas	ɡuːt	guːt			i	i	huk	huk	hɑːuən	hɔuən	hyzn	hyzən	ɪn	ɪn	ɪs	ɪs	krɛk	krɛg	klɑin	klɑin	kɒrthʏtsi				laːtər	laːtər	loup	loːp			mɛt	mɛ	na	na	nit	nit			ɔm	om	ouk	oːk	ɔp	op	ryt	ryt	stein	steən	stɪl	stɪl	dik	dik			tiːt	tiːət	fraːxt	fraːxt	ʋɪl	ʋɪl	siːt	siət
diareg_jv_Slochteren	ɑs	as	bi	bi	butn	buʔn	dʏːr	dœ	xlas	xlas	xɑut	xɔud	hɒm	əm	hɛi	hɛi	hɑuk	hɔuk	hɒln	hɔln	huːzn	huːzən	ɪn	ɪn	ɪs	ɪs	jyst	jys	klɑin	klɑin	kœrtə	kœːtə	kriɡŋ	krigŋ	lʊːtər	lɔːtə	loup	lop	loupm	loːʔm	mɛt	mɛ	nə	nɔ	nɑit	nait	nɑu	nɔu	ɔm	om			ɔp	op	rut	rut	stɑin	stɔin	stɪl	stɪl	strʊːt	strɔːt	strʊːtn	strɔːʔn	tit	tit	frʊːxt	frɔːxt	ʋʏl	ʋɪl	sʏxt	sʏx
diareg_jv_Sneek	ɑs	ɑz	bai	bɛi	bytn	byʔn	dʏːr	dœ	ɡlaz	glas	ɡuːt	guːt	əm	əm	di	i	hukə	hukə	hɑudn	hɔudn	hyzn	hyzə			ɪs	ɪs	jyst	jyst			kɒrtə	kotə			l  ̴aːtər	laːtə	loup	loːp	lʌupm	loːʔm	mɛt	mɛ	na	na	nit	nit					ouk	oːk	ɔp	op	ryt	ryt	stiːn	stiən	stɪl	stɪl	straːt	straːt	straːtn	straːʔn	tiːt	tiːt	fraːxt	fraːxt	ʋy	ʋy	sit	siət
diareg_jv_Tilligte	as	as	bi	bi	butn	buʔn	dʏːr	dœ	xlas	xlas	xʊd	xoːd	əm	əm	he	ə	hoːk	huːk	ɒːn	hɔln	hys	hys	ɪn	ɪn	ɪs	ɪs	jyst	jys	klɛin	klɛin	kɒrtə	kodə	kriɡŋ	kriŋ	laːtər	laːtə	lœp	lœp	loːpm	lɔːʔm	mɛt	mɛ	nə	na	nɪ̃x	nɪx		nu					ɔp	op	rut	rut	stɪːn	stɪːn	rʏstəx		strʌːt	strɑːt	strʌːtn	strɑːʔn	tit	tit	frœx	frœx	ʋɪl	ʋɪl	sʏt	sʏt
diareg_jv_Veenwouden	ɑs	as	bi	bi	butn	buʔn	trʊ	tro	ɡlɛːs	glɛːs	ɡuːt	guət	əm	hɛm	i	i	hukə	hukə	hʌːdn	hɑːdn	huzn	huzn	ɪn	in	ɪs	ɪs	krɛkt	krɛkt	lits	lits	kuɑtskɒfkə		kræiən	krɛiə	lɛtər	lɛtər	rɪnt	rɪnt	rɪnn	rɪnː	mɛ	mɛ	nə	na	nɛt	nɛt	nɑ	nɔu	ɔm	om			ɔp	op	ryt	ryt	stɪː̃	stiən	stɪl	stɪl	dik	dik			tiːt	tiːt	freixət	freɣət	sʌl		ʃʏxt	ʃox
diareg_jv_Workum	ɒt	ɑɾ	bai	bɛi	bytn	byʔn	trʏ	trœ	ɡl  ̴ɛːs	glɛːs					ə	ə	hukə	hukə	hʌːdn	hɑːdn	hysn	hysn	in	in	ɪs	ɪs			lits	lits	kɒrtə	kortə	kræiə	krɛiən	lɛtər	lɛtər	rɪnt	rɪnʔ	rɪnn	rɪnː	mai	mai	na	na	nɛt	nɛt	nɑu	nɔu					ɪn	op	ryt	ryt			stɪl	stɪl	strɪtə	strɪtə	strʏtn	strʏʔn	tiːt	tiːt	freixət	freɣət	ʋɔl	ʋol	ʃœt	ʃʏt
diareg_jv_Zwinderen	ʋənɪːr		bai	bɛi	bytn	byʔn	dʏːr	dœ	xlɑs	xlɑs					hɛi	hɛi	hɯk	huk	hɒːln	hɔːdn	huːzn	huːsn	ɪn	ɪn	ɪs	ɪs	nɛt	nɛd	klɛin	klɛin	kʌrtə	kotə			laːtər	laːtər	lœp	lœp	loːpm	loːʔm			nɑ	na	nit	nit			ɔm	ʏm			ɔp	op	rutə	rutə	stɪː̃	stiːn	rʏstəx		strʌːt	strɑːt	strʌːtn	strɑːʔn	tit	tit	frʌx	frɑx	ʋʏl	ʋɪl	sœt	sʏt
diareg_om_Appelscha	as	as	bɛi	bɛi	bytn	byʔn	dʏːr	dœ	xlas	xlas	xut	xut	hɛm	əm	i	i	hukə	hukə	hɒln	hɔldn	hysn	hysn	ɪn	ɪn	ɪs	ɪs	krɛkt	krɛkt					kriɡŋ	krigŋ	læːtər	laːtə			loupm	loːʔm	mɛt	mɛʔ	nʌ	na	nit	nit	nɑu	nɔu					ɔp	op	ryt	ryt	stiːnə	stinə	stɪlə	stɪlə	strʌːtə	strɑːt		strɑːtə			frʌːxt	frɑːxt	ʋɛl	ʋɪl	sit	sit
diareg_om_Dokkum	ɑt	at					dʊr	dor	ɡlɑs	glas	ɡuːt	guːt			ər	ər	hukə	hukə	hɑudn	hɔudn					ɪs	ɪs	krɛk	krɛg	klɛin	klɛin	kɒrtə	kotə	kræiə	krɛiə	l  ̴atər	laːtr	loupt	loːp	lʌupən	loːʔm	mɛd	mɛ			nit	ni							ɔp	op			stɪən	stɪən	stɪl	stɪl	straːt	straːt	straːtn		tiːt	tiːt	fraːxt	vraxt	sɪl	sɪl	siːt	siət
diareg_om_Eelde	ɑz	ɑz	bi	bi	butn	buʔn			xlas	xlas	xɑut	xɔud	əm	əm	ə	ə	hɑuk	hɔuk	hʌll	hɑln	huzn	huzn	ɪn	ɪn	ɪs	ɪs	nɛt	nɪʔ	klain	klɛin	kœːrdə	kœːdə	kriɡŋ	krigŋ	lɔːtər	lɔːdr	lɒp	lop			mɛt	mɛ	nə	nɔ	nait	nait	nɑu	nɔu			ouk	oːk	ɔp	op	rut		stɑin	stain	stɪl	stɪl	strʊːt	strɔːt			tit	tit	frax	frax	ʋʏl	ʋɪl	sʏt	sʏt
diareg_om_Finsterwolde	az	as			butn	buʔn	dʏːr	dœ	xl  ̴as	xlɑs	xɑut	xɔud	hɒm	əm	ɛ	hɛi	hɑukə	hɔukə	hʊːdn	hɔːdn	huzn	huːzn	ɪn	ɪn	ɪs	ɪs	nɛt	nɛʔ	løcə	løʔjə			kriɡŋ	krigŋ	lʊːtər	lɔːtər	lɒp	lop	loupm	loːʔm	mɛt	mɪ	nʊ	nɔ	nɑit	nait	nɒ̃	no	ɔm	om	ouk	oːk	ɔp	op	rutə	rutə	stɑinə	stainə	stɪl	stɪl	strʊːtə	strɔːtə	strʊːtn	strɔːʔn			frɑxt	vraxt	ʋɪl	ʋɪl	sʏxt	sʏx
diareg_om_Grijpskerk	as	as	bɛi	bɛi	bytn	byʔn	dʏːr	dœ	xlas	xlas	xud	xud	hɪm	ɛm	hɛi	hɛi		huʔŋ	pakŋ		hysn	hyːsn	in	in	ɪs	ɪs	krɛk	krɛʔ	klɛin	kleːn	kɒrtə	kodə	kriɡŋ	krigŋ	lɔːtər	lɔːtr	loupt	loːp			mɛt	mɛ	nə	na	nit	nit	nau	nɔu					ɔp	op			stiː̃	stiːn	stɪl	stɪl	strʊːt	strɔːt	strʊːtn	strɔːʔn	tit	tit	frʊːxt	frɔːxt	ʋʏl	ʋɪl	sɪxt	sɪx
diareg_om_Groenlo	ɑs	ɑs	bi	bi	butn	buʔn	dʏːʀ	dœ	xlas	xlɑs	xud	xoːd	əm		i	i	hoːk	hoːk	hɒln	hɔln	hyzəʀ	hyːzə	ɪn	ɪn	ɪs	ɪs	nɛt	nɛʔ	klɛin	klɛin	kɒʀtn	koʔn	kʀɪːxən	krɪːxən	laːtəʀ	laːtə	lœp	lœp	loːpən	loːpən	mɛt	mɛ	nə	na	neit	neːt	nɒ	no	ɔm	ʏm	oːk	ok	ɔp	op	ʀutə	rutə	kɛi	kɛi	stɪlə	stɪlə	stʀʌːtə	strɑːtə	stʀʌːtn	strɑːʔn	tit	tit	fʀʏx	frœx	ʋʏl	ʋɪl	sœt	sʏt
diareg_om_Grolloo	ɑz	ɑz	bɛi	bɛi	butn	buʔn	dʏːr	dœ	xlas	xlɑs	xud	ɣud			ə	ə	huk	huk	hɒːln	hɔldn	husn	huːzn	ɪn	ɪn	ɪs	ɪs	jyst	jyst	klɛin	kleːn	kœrdə	kœdə			lʌːtər	lɑːtr	lɒp	lop	loːpm	loːʔm	mɛt	mɛ	ɛ̃	hɛn	nit	nit	nɑu	nɔu	œm	ʏm	ɤuk	ok	ɔp	op	rut	rut	stiː̃	stiːn	stɪl	stɪl	strʌːt	strɑːt	strʌːtn	strɑːʔn	tit	tit	fraːx	vrax	wʏl	ʋɪl	zœt	zʏt
diareg_om_Grouw			bei	be	butn	buʔn			ɡlɛːs	glɛːs							hukə	hukə	hɒːdn	hɑːdn	hysn	hyzən	ɪn	in	ɪs	ɪs					kuɑtskɔfkə		kræiə	krɛiən	lɛtər	lɛtə	rɪnt	rɪnt	rɪnn	rɪnː	ma	mɛ	nɑi	nai	nɛt	nɛt			ɔm	om	ɛk	ɛk	ɔp	op	ryt	ryt	stɪːn	stɪən	stɪl	stɪl	strɪtə	strɪtə				skofkə	freixət	freɣət	zɪl	sɪl	ʃɔxt	ʃoxt
diareg_om_IJsselmuiden	ɑs	as	bei	be	bytn	byʔn	dʏːʀ	dœ			xud	xud	əm	əm	i	i	huk	uk	hɒln	ɔln	hyzn	hyzn	ɪn	ɪn	ɪs	ɪs	jyst	jyst	klɛin	klɛin	kœʀtə	kœtə	kʀiːɡŋ	kriːŋ	laːtəʀ	laːtər	lœp	lop	loːpm	loʔm	mɛt	mɛ	nɔ	nɔ	nit	nit	nɒu	nɔu	œm		oːk	oːk	ɔp	op	ʀytə	rytə	stɪː	stiːn	stɪl	stɪl	stʀɒːtə	strɔːtə			tit	tit	fʀœx	vrœx	ʋɪl	ʋɪl	sit	sit
diareg_om_Jubbega	ɑz	ɑs	bai	bai	butn	buʔn	trʊ	tro	ɡlæːs	glɛːs	ɡuːd	guət			hɛi	hɛi	hukə	hukə	hɒːdn	hɔːdn	huzn	huzn	ɪn	ɪn	ɪs	ɪs	krɛk	krɛg	lits	lits	kuɑtə	kʋatə	krãĩ	krai	lɛtər	lɛtər	rɛnt		rɪnn	rɛnː	mai	mɛi	na	hɛn	nɛt	nɛt	nɒu	no	ɔm	om	ɛk	ɛk	ɔp	op	ɡlaːs		stɛː̃	stɪən	stɪl	stɪl	dik	dik	strɪtə		tit	tiːt	freiɡət	fregət	ʋɔl	ʋɪl	ʒɔxt	ʃox
diareg_om_Kampen	ɑz	ɑs	bei	be	bytn	byʔn	dʏːʀ	dœ	xlɑs	xlɑs	xut	xuːt	əm	əm	i	i	huk	uk	ɒln	ɔln	hyzn	yːzn	ɪn	ɪn	ɪs	ɪs	jyst	jys	klɛin	klɛin	kɒʀtə	kotə	kʀiɡŋ		laːtəʀ	laːtər	lœp	lop	loːpm	loːʔm	mɛt	mɪ	nɔ	nɔ	nit	nit	nɒu	no	ʏm	ʏm	oːk	oːk	ɔp	op	ʀytə	rytə	kɛiə	kɛiə	stɪlə	stɪlə	stʀɒːtə	strɔːtə	stʀɒːtn	strɔːʔn	tit	tit	fʀœx	vrœx	ʋɪl	ʋɪl	sit	sit
diareg_om_Koekange	az	ɑz	bei	bɛi	bytn	byʔn	dʏːr	dœ	xlas	xlas	xut	xud	əm	əm	i	i	hɯk	huk	hɒln	hɔldn	hyːzn	hyːzn	ɪn	ɪn	ɪs	ɪs	nɛt	nɛd	klɛin	klɛin	kɒrdə	kodə	kriɡŋ	krigŋ	læːtər	laːtər	lʌp	lœp	loːpm	loːʔm	mɛt	mɛ	nɑ	na	nit	nit		nɔu	œm	ʏm		ok	ɔp	op	rudə	rudə	stiː	stiən	stɪl	stɪl	strʌːdə	strɑːdə			tit	tit	frɑx	vrax	wɛl	ʋɪl	sɛt	sət
diareg_om_Laren	ɑs	as	bi	bi	bytn	byʔn	dʏːr	dœ					həm	əm		ə					hyːzə	hyːzə	ɪn	ɪn	ɪs	ɪs	nɛt	nɛʔ				koʔn	kriɡŋ	krixən	dənʌː		lœp	lœp	loːpm	loːʔm	mɛt	mɪt	nɑ	na	nɪt	nɪʔ					ɤuk	oːk	ɔp	op	rutə	rutə	kɛi	kɛi	stɪl	stɪl	strʌːtə	strɑːtə			zɛːt	zɛt	frœx	frœx	ʋʏl	ʋʏl	sʏt	sʏt
diareg_om_Lemmer	ʋɑnɪːr		bai	bɛi	bytn	byʔn	trʊ	tro	ɡl  ̴ɛːs	glɛːs	ɡuj	gui	əm	əm	hɛi	hɛi	hukə	hukə	hɒːdn	hɑːdn	hyzn	hyzn	in	in	ɪs	ɪs	krɛk	krɛʔ	lits	lits	kœːtə	kœtə			lɛtər	lɛtər	rɔnt	ront	rɔnn	ronː	mai	mɛi	nɑi	nai	nɛt	nɛt	nɑu	nɔu	ɔm	om			ɔp	op	ryt	ryt	stɪː̃	stiən	stɪl	stɪl	strɪtə	strɪtə	strʏtn	strɪʔn	tiːt	tiːt	freiɡət	fregət	ʋɔl	ʋɪl	ʃʏt	ʃox
diareg_om_Nijverdal	ɑs	ɑs	bi	bi	bytn	byʔn	dʏːr	dœ	xlɑs	xlɑs	xut	xuːt	əm	əm	hɛi	hɛi	huːk	huːk	hɒln	hɔln	hyːzər	hyːzə	ɪn	ɪn	ɪs	ɪs	jyst	jys	klɛin	klɛin	kɒrtn	koʔn	kriɡŋ	kriŋ	laːtər	laːtər	lœp	lop	loːpm	loːʔm	mɛt	mɛt	nɒ	nɔ	nit	nit		nu	œm	ʏm	oːk	oːk	ɔp	op	rutə	rutə	steːn	stɪːn	stɪlə	stɪlə	strʌːtə	strɑːtə			tit	tit	frœx	vrœx	ʋʏl	ʋɪl	sœt	sʏt
diareg_om_Noordwolde	ɶz	ɑz	bɛi	bɛi	bytn	byt	dʏːr	dœ	xlas	xlɑs	xut	xuːt			i	ə	huk	huk	hɒln	hɔln	hyzn	hyːzn	ɪn	ɪn	ɪzə	ɪs	krɛk	krɛg			kɒːrdə	kodə	kriɡŋ	kriŋ	læːtər	læːtər	loːp	loːp	loːpm	loːʔm	mɛt	mɛ	nʌ	na	nit	nit	nau	nɔu	ɔm	om			ɔp	op			stiːn	stiːn	stɪl	stɪl	strʌːdə	strɑːdə			tit	tit	frʌːxt	frɑːxt	wɪl	ʋɪl	sit	sit
diareg_om_Ommen	ɑz	ɑs	bei	bei	bytn	byʔn	dʏːr	dœ	xlas	xlas					ə	ə	huk	huːk	hɒːln	hɔln	hyzə	hyːzə			ɪs	ɪs	nɛt	nɛʔ	klɛin	kleːn	kɒrdə	kotə			laːtər	laːtər	lœp	lœp	loːpm	loːʔm	mɛt	mɛ	nʌ	na	ni	nit							ɪn		rutə	rudə	stiːn	stinə	stɪlə	stɪlə	strʌːtə	strɔːtə			tit	tit	frʏːx	vrœːx	wɔl	ʋol	zœt	zʏt
diareg_om_Onstwedde	az	ɑs	bi	bi	butn	buʔn	dʏːr	dœ	xlas	xlas	xɑud	xɔud	əm	əm	he	e	hɑuk	hɔuk		hɔln	huzn	huzn	ɪn	ɪn	ɪs	ɪs	nɛt	nɛʔ			kœːrdə	kœːdə	kriɡŋ	krigŋ	lɒːtər	lɔːtər	lɒpt	lop	lʌupm	loːʔm	mɪt	mɪ	nʊ	na	nix	ni			ʏm		ouk	oːk	ɔp	op	rudə	rutə	stɑinə	stainə	stɪl	stɪl	strʊːdə	strɔːtə			tit	tit	fraxt	vraxt	ʋɪ	ʋɪl	sʏxt	zʏt
diareg_om_Roswinkel	az	as	bi	bi	butn	buʔn	dʏːr	dœ	xlas	xlas	xɑut	xɔut	hɛm	hɛm	ə	ə	hɑuk	hɔuk	hɒːln	hɔldn	huzn	huːzn	ɪn	ɪn	ɪs	ɪs	nɛt	nɛʔ		klɛin	kœːrdə	kœːdə	kriɡŋ	krigŋ	lɒːtər	lɔːtə	lʌp	lop	loupm	loːʔm	mɛt	mɪ	na	na	ni	ni	nɑu	nɔu			ouk	oːk	ɔp	op			stɑinə	stainə	stɪl	stɪl	strʊːdə	strɔːdə			tit	tit	frɑx	vrax	ʋɪl	ʋɪl	zʏx	zʏx
diareg_om_Sexbierum	ɑt	ɑt	bai	bɛi	butn	buʔn	trʊ	tor	ɡl  ̴ɛːs	glɛːs	ɡuːt	guət	hɛm	hɛm	ə	ə	hukə	hukə	hɒːdn	hɔːdn	hyzn	hysn	in	in	ɪs	ɪs	krɛk	krɛk	lits	lits	kuɑtə	kwatə	kraiə	kraiə	lɛtər	lɛtər	rɪnt	rɪnʔ	rɪnn	rɪnː	ma	mai	nɑi	nai	nɛt	nɛt			ɔm	om	ɛk	ɛk	ɔp	op	ryt	ryt	stɪːn	stiən	stɪl	stɪl	strɪtə	strɪtə	strɪtə		tit	tiːt	freiɡət	fregət	ʋɔl	ʋol	ʃʏxt	sjox
diareg_om_Sint-Annaparochie	ɑt	aɾ	bai	bɛi	bytn	bytən	dʏːr	dœ	ɡlɑːs	glɑːs	ɡuːt	guːt	hɛm	hɛm	i	i	huk	huk	hɑːuən	hɔuən	hyzn	hyzən	ɪn	ɪn	ɪs	ɪs	krɛkt	krɛkt			kɒrthʏtsi		krɑiən	krɛiən	laːtər	laːtr	kɔmt		loupən	loːpə	mɛt	mɛ	nə	na	nit	nit	nɑu	nɔu	ɔm	om	oːk	ok	ɔp	op	ryt	ryt	stein	steːn	stɪl	stɪl	dik	dik	straːtn	straːʔn		hytsi	fraːxt	fraːxt	ɪsfandʊːl		siːt	ʃiət
diareg_om_Slochteren	ɑz	ɑz	bi	bi	butn	buʔn	dʏːr	dœ	xlɑs	xlɑs					ə	ə	hɑuk	hɔuk	hɒln	hɔln	huzn	huzn	ɪn	in	ɪs	ɪs	nɛt	nɛt	løɟi	lʏʔjə					lɔːtər	lɔːtə	lɒp	lop	loupm	loʔm	mɪt	mɪ	nə	nɔ	nait	nait	nɑu	nɔu			ɤuk	oːk	ɔp	op	xlas		stɑin	stain	stɪl	stɪl	strʊːt	strɔːt			tit	tit	frɑxt	frɑxt			zʏx	zʏt
diareg_om_Sneek	ɑz	ɑz	bai	bɛi	bytn	byʔn	dʏːr	dœ	ɡlɑs	glɑs	ɡuːd	guət	ɔm	əm	i	i	hukə	hukə	hɑuən	hɔuən	hyzn	hyzən			ɪs	ɪs	jyst	jyst	klɛin	klɛin	kɒrtə	kotə	kræiə	krɛiən	laːtər	laːtə	loupt	loːp	loupm	loːʔm	mɛt	mɛ	nɑ	na	nit	nit	nɑu	nɔu	ɔm	om	ouk	oːk	ɔp	op	raːm		stiːn	stiən	stɪl	stɪl	straːt	strat	straːtn	straːʔn	tiːt	tiːt	fraːxt	fraːxt	ʋʏl	ʋɪl	siːt	siət
diareg_om_Tilligte	ɑt	at	bi	bi	butn	buʔn	dʏːr	dœ			xʊːt	xoːt	hɛm	ɛm	hɪː	heː	hoːk	hoːk	hɒln	hɔldn	hyːs	hyːs	ɪn	ɪn	ɪs	ɪs	nɛt	nɛt			kɒrtn	koʔn	kriɡŋ	krigŋ	laːtər	laːtə	loːp	lop	loːpm	loːʔm	mɛt	mɛ	nə	nɔ	nɪx	nɪx	nu	nu	œm	ʏm			ɔp	op	rut	rut	stɪː̃	stɪːn	stɪl	stɪl	strʌːt	strɑːt	strɒːtn	strɑːʔn	tit	tit	frœx	vrœx	ʋʏl	ʋɪl	sœt	sʏt
diareg_om_Veenwouden	ʌt	ɑt	bei	be	butn	buʔn	trʏx	trœx	ɡlæːs	glæːs	ɡuːt	guət	hɪm	əm	ər	ər	hukə	hukə	hɒːdn	hɔːdn	huzn	huzn	ɪn	in	ɪs	ɪs	krɛk	krɛʔ	lits	lits	kuɑtskɔtʃə		kræiə	krɛiə	lɛtər	lɛtər	rɛnt	rɛnt	rɪnn	rɛnː	mɛi	mɛi	na	nɛi	nɛt	nɛt	nɑu	nɔu			ɛk	ɛk	ɔp	op	ryt	ryt	stɪːn	stɪən	stɪl	stɪl	strɪtə	strɪtə	strɪtn	strɪʔn		skotjə	freihət	freɣət	ʋɔl	ʋol	ʃyt	ʃot
diareg_om_Workum	ʌz	ɑəs	bai	bɛi	bytn	byʔn	trʏ	trœ	ɡlɛːs	glɛːs	ɡuːt	guət			hɛi	hɛi	hukə	hukə	hɒːdn	hɔːdn	hyzn	hyzn	in	in	ɪs	ɪs	krɛkt	krɛkt			kɒrtskɔfkə		kræiə	krɛiə	lɛtər	lɛtər	rɪnt	rɪn			mai	mai	nɛi	nɛi	nɛt	nɛt	nau	nɔu	ɔm	om	ɪk	ɪk	ɔp	op	ryt	ryt	stiːn	stɪən	stɪl	stɪl	strɪtə	strɪtə	strʏtə			skofkə	freiɡət	fregət	ʋɔl	ʋol	ʃɔxt	ʃox
diareg_om_Zwinderen					butn	buʔn	dʏːr	dœ	xlas	xlas							huk	huk	hɒln	hɔldn			ɪn	ɪn	ɪs	ɪs	nɛt	nɪʔ						krigŋ					loːpm	loːʔm	be		hɛn	hɛn		nit			œm	ʏm	ɤuk	oːk	ɔp	op			stiːn	stiːn	stɪl	stɪl	strʌːt	strɑːt						vrax	ʋʏl	ʋɪl	zœt	zʏx