location	aan	agent	als	beiden	besluit	bij	buiten	daar	dan_1	dat	de_12	door	een_count	een_det	er	even	extra	gerinkel	glas	glaszetter_1	goed	gooien	he	heel	hem	het	hij_2	hoek	houden	huizen	in	ineens	is	jongetje_2	juist	klein	klinkt	korte	krijgen	later	let	loopt_1	lopen	lukt	maar_3	met_1	mevrouw	naar	net	niet	nou	nu	of	om	ontdaan	ook	op	pakken	politieagent	repareren	ruit	ruiten	samen	sneuvelen	staan	stapt	steen	stil	straat	straten	te_1	tijd	toevallig	van_2	veel	vraagt	vrouw	wil_1	ze_1	ziet
Appelscha	a	plisi	əs		bəslyt	bɛi	bytn	də	dæn	dæ	də	dʏr	ein	ən	ər	ebm				xlæzənsɛtər	xut	xɒin	hei	hɪl		hɛd	i	hukə	hɒdn	hysn	ɪn	ɪnɪs	ɪs	jɒxi	jyst	klɛin		kɒrtə		lætər	kikt	lœp				mɛt	frau	nɛ	nɛt	nit	nʌ		ɒf	ɔm	ɔndʌn	ok	ɔp	pakŋ	plitsi	mækŋ	rytə	rytn	sæmm	snøfələ		kʌmt	stinə	stɪl	strʌtə	strʌtn	tə	tit	tufaləx	fan	fʌl	frʌxt	frau	ʋɪl	zə	sit
Axel	ɑn	pʊlisi	ɑt	ɑləbæi	bəslyt	bi	bytn	dʊ	dɑ	da	də	dʏr	ɪ	ən	dər		ɛkstrə	χəriŋkəl	χlɑs	hlɑsætər		χʊin	e		əm	t	i	uk	ɑun	ysn	ɛn	ɔpɪs	ɪs	jɔŋəcə	jyst	klɛin		kɒrtə	krihən	dənɑ	læt	lopt	lopm	lʏkt	mʌ	met	frɑuə	nɑ	næt	ni	nʊ		ɒf	ɔm	ɪləmɒlfɑslaχ	ʊk	ɔp	pɑkŋ	pʊlitsi	mʌkŋ	ram	ramm	samm	snøfəln		kɔmt	stɪ	stɪl	strʌtə	strʌtn	tə	tit	tufɑləχ	fɑn	fe	frɑχt	frɑuə	wɪl	zə	sit
Budel	ɒn	plizi	as	ɑləbæi	wɪl	bi	butə	dɑ	dɑn	dæ	də	dʏʀ	in	ən		ɛfə	ækstʀə	çəʀɪŋkəl	ɡlɔɑs	çlɒsætəʀ	çu	çɒiə	hɛ		əm	hət	i	hʊk	hɑuə	husəʀ	ɪn		ɪs	mænəkə	kʀɛk	klæn		kɒʀtə	kʀiçə	lɒtəʀ	læt	lœp		lʏkt	mɑʀ	mɛi	fʀɒu	nə	jyst	nɪt	nɤu	nɒu	ɒf				ɔp	pakə	pəlisi	mɑkə	ʀut	ʀutə		snøfələ		kæmd	kɛi	stɪl	stʀɒət		tə	tit	tufɑləç	fɑn		fʀʏçt	fʀɒu	wʏl	zə	zit
Deerlijk		flik	ʌt	ɒlətwɪ	bəslɛst		bytn		tʊn	dɑ	də	dʏr	ɛnə	ən	ər	wɑ		lɑwɔi	hlɑs	hlʌzəmʌkər	hu	smɪtn			æm	t	i	ɤuk	pɑkŋ	ysn	ɛn	ɔmənəkɪr	ɛs	fɪncə	ʃyst	klɪən		nitfɪl		lʌtər	læt	lʊpt		lœkt	mʌ	mæt	frəu	næ	ʒystə	ni		nu	ɒfdɑt	ɔm	ɛnpɑnik		ɔp	pɑk	flik	fəmʌkŋ	rytə	rytn	təɒpə	hʌtkapɒt		lœpt	stɪn	stɛl	strɒtə		tə	tit	lækŋ	fan	fɪl	frɒht	frəu	wɛl	zə	zit
DenBurg	ɑn	ɑxɛnt	ɒs	bɛidə	bəslyt	bɛi	bytə	dɪ	dɑj		də	dʏr	in	ən	ər	ɛfə		xərɪŋkəl	xlɑs	xlɑsɛtər	xut	xʊiə	hei	hɪl	əm	hɛt	i	huk	hauə	hyzə	ɪn	ɪnins	ɪs	jɒxi	nɛt	klɛin	klɪŋkt	kɒrtə		latər	kikt	loupt	lɔpə	lʏkt	mɑr	mɛt	frau		nɛt	nit		ny	ɒf	ɔm			ɔp		ɑxɛnt	makə	ryt	rytə	samə	breikə		stap	stin	stɪl	strɪt	strɪt		tit		fɑn	fɪl	fraxt	frau	ʋɪl		sit
Dendermonde	ɒn	pʊlis	ɑs	ɑlətwi	wɪl	bɛi	bœytn	də	tæn	dɑ	də	dʏr	ɪ			əbɪcə		çərɪŋkəl	çlɑs	çlɒsəmɒkər	çud	smætn		il		ət	m	uk	hɑrə	œsə	ɪn	ɪninəkir	ɪs		ʃyst		klɪŋk	kɛrtn		nɒdin	læt	loupt	lʏpə		mɒr	mæt	frɑ	nə	ʃyst	ni		nɑ	ɒfdɑt		fərʃçʊtə	ɯk	ɔp	pɑkə	pʊlis	mɒkə	çlɑs	fɛstərs	sɒmə	snøfələn	stɒn	kɔm	stɪn	stɪl	strɒt			tæt		fɑn	fɪl	frɒçt	frɑ	wɪl	zə	zit
Didam	æn	ɑçɛnt	ɑt	bɛiə	bəslyt	bei	bytə	dʊ	dan	da	də	dʏr	ɪ	ən	ər	ɛfkəs	ɛkstrɑ	çərɪŋkəl	çlas	çlasætər	çut	çʊiə	hɛ	hɪl	əm	ət	he	huk	hɒə	hyzə	ɪn	ɪnɛns	ɪs	jʏŋskə	jyst	klɛin	kliŋk	kɒrtə	kriçə	latər	lɛt	lœp	lopə	lʏkt	mʌr	mɛt	frəu	nɔ	nɛt	nit	nʊ	nɒu	ɒf	ɔm	ɔndan	ok	ɔp	pɑkə	pəlitsiɑçɛnt	rəpərɪrə	rytə	rytə	samə	snøfələ		stɑpt	stin	stɪl	strʌt		tə	tit	tufɑləç	fan	fœl	frʏç	frɑu	wʏl	z	sʏt
Diepenbeek	ɔp	pəlɪs	ɑs	ɑlətwi	çɛt	bɛi	bɔətə	dʊ	dan	da	də		en	ə		bicə		çəʀɪŋkəl	çlɑs	çlɑzəmɑkəʀ	çut	çʊia		hɪl		t	ɪ	hok	pakə	hœs	ɔp		ɪs	jʏŋskə	ʃyst	klɛin	klɪŋkt	kɒʀtn		dəʀnɒ	læit	lœpt	lopə		mei	bæ	fʀʌu	nə	ʃyst	nɛ	nɑu	nɑ	ɒf		kəmpletfanhaʀkɑt	oç	ɔp	ʃæʀə	pəlis	mɑkə	fɪnstəʀ	fɛnstəʀs	çəlɛik			tret	sten	stɪl	stʀɔət		tə	tæt		fan	fœl	fʀʏçt	fʀʊmɛs	wɪlt		sɪt
Dokkum	an	pliʃə	ɑt	bɛidə	bəslyt	bai	bytn	dɛ		da	də	dʏr	ɪ	ən	dər	əskɒft	ɛkstrə	ɡərɪŋkəl	ɡl̴ɑs	ɡlɑsmæn	ɡut	ɡʊiə	hɛ	hɪl	əm	ət	hɛi	hukə	hauən	hyzn	ɪn	ɪnɪs	ɪs	jɔŋkjə	jyst	kl̴ɛin	kl̴ɪŋk	kɒrtə	kræiən	l̴atər	l̴ɛt	loupt		lœkt	mar	mɛt	frau	nar	krɛkt	nit	nau	nɑu		ɔm	ɔntdan	ok	ɔp	pakŋ	pliʃəman	repərɪrə	ryt	rytə	təɡarə	snøfələ		kɔmt	stɪ	stɪl	strat	stratn	tə	tit	tufaləx	fan	føl	fraxt	frau	ʋɪl	sə	sit
Dordrecht		ɑxɛnt	ɑls		ʋɪl		baytə	da	dɑn	dɑ	də	dʊr		ən			ɛkstrɑ			xlɑsɛtər	xut	xʊiə	hei		əm	hət	hɛi	huk	pɑkə			əneins	ɪs	jɒxi		klɛin			krɛixə		lɛt	lɤupt	lɤupə	lʏkt	mɑr	mɛt	frau	na	nɛt	nit		ny	ɒf				ɔp	pɑkə	ɑxɛnt	makə	rœyt	raytə	samə				stein	stɪl	strat	stratə	tə		tufɑləx	fɑn		fraxt	frau	ʋɪl		sit
Eelde	æ	jyt	ɑz	bɛidn	bəslyt	bi	butn	dʊ	dan	da	də	dʏr	ain	ən	ɛr	eibm	ɛkstra	xərɪŋkəl	xlas	xlʊzəzɛt	xɑud	xʊin	hei	hayl	əm	t	hɛi	hɑuk	hɒdn	huzn	ɪn	inais	ɪs	jɔŋki	jyst	klɛin	klɪŋk	kœrdə		lɔtər	lɛt	lʌp	lɑupm	lʏkt	mɒr	mɛt	frau	nɔ	nɛt	nait	nau	nɑu	ɒf	ɔm	ɔndɔn	ouk	ɔp		jyt	repərɪrn	rut	rutn	sʊmm	snøfəln		stapt	stɑin	stɪl	strʊt	strʊtn	tə	tit	təfaləx	fan	føl	frʊxt	frau	ʋɪl	sə	zʏt
Ermelo	ɑn	pliʃəmɑn	ɑz	ɑləbɛi	bəslyt	bi	bytə	də	dɑn	dɑ		dʏr	ein	ə		ɛfə	ɛkstra	xərɪŋkəl	xlas	xlʊzəzɛtər		smitə	hei		əm	hɛt	i	huk	hauə	hyzə		əneis	ɪs	fɛncə	jyst	klɛin	klɪŋkt		krixə	lɒtər		lʌupt	lɑupə	lœkt	mər	mɛt	frau	nə	nɛt	nit		nɒn	ɒf	ɔm	heiləmlytədun	ɤk	ɔp		pliʃə	makə	ryt	rytn	samə			stɑpt	stei	stɪl	strɔt	strʊtə	tə		tufɑləx	fan		fraxt	frau	ʋɪl	sə	zit
Eys	a	pəlis	wɛnt	ɑlətwɪ	bəʃlyt	bei	butə	dʊ	dan	dʌt	dəʀ	dʏ	e			ɛfə	ækstʀə	çəʀɪŋkəl	çlas	çlasætəʀ	çʊd	wæʀpə	hei		əm	ət	əʀ	ɛk	hɒtə	huzəʀ	ɛn	ʏpɛns	ɪʃ	jʏŋskə	jyst		klɪŋkt	kɒʀtə		latəʀ	læt	lœpt	lopə	lœkt	maʀ	mɛt	fʀɒu	nə	jys	nɪt	nɯ	nʏ	ɒf		çɑnsuəthyskə		ɔp	ʃnɑpə	pəlis	mɑkə	ʀut	ʀutə	samə	vʀɛkə		kʏmə	ʃtei	ʃtɪl	ʃtʀɒət	ʃtʀɒətə	tə	tit	tufɑləç	fən		fʀʊçt	fʀɒu	wʏl	sə	sit
Finsterwolde	æ	axɛnt	az	ɑlbɑidə	bəslut		butn	dʊ	dɛn	dɑ	d	dʏr			də	eibm	ɛkstrə	xərɪŋkəl	xlas	xlasɛtər	xɑud	xɤin			hɒm	t	hɑi	hɑukə	hɒdn		ɪn	ɪnɒis	ɪs		nɛt		klɪŋkt	kœrtə	kriɡŋ	lʊtər	lɛt	lʌpt	lʌupm	lʏkt	mʌr	mɛt	frau	nɒ	nɛd	nɒit		nɑu	ɒf	ɔm	fəsxrɪkt	ɤuk	ɔp	pakŋ	ɑxɛnt	mɒkŋ	rʊm	rɒmm	sʊmm	snøfəln		kɔmt	stɒinə	stɪl	strʊtə	strʊtn	tə	tit	tufaləx	fɑn	føl	frɑxt	frau	ʋɪl	zə	sʏxt
Gavere	ɔp	ʒɑndɑrm	ʊst	ɑlətwiə	bəslɪst	bei	bœitn	dər	tʊs	dʌt	də	dʏr	ɪ	ə	dər			χərɛŋkəl	χlʊs	χlʊsəmʌkər	χɯt	smætn		fri	æm	t	i	huk	pɑkŋ	œzn	œp	ɪnenəkir	ɑs	mɑnəkə	ʃyst	klɛn	klɪŋkt	kœrtn	stækŋ	dərɑχtər	kɛk	lʏpt	løpm	lœkt	mər	mɪt	mɑdɑm	nɑr	ʃyst	nit	nʌ	nɑ	ɒfdɑt	fʏ		ɯk	ɔp	fʌstə	ʃɑndɑrm	mɒkŋ	rœtə	rœtn	typə			stɑpt	stɪn	stɪl	strʊitə	strʊitn	tə	tæt		fɑn		frɒχt	frɑ		zə	zit
Geraardsbergen	ʊn	ʃɑmpætər	ɑst	ɑlətwi					tys	dɑ	də	dʊr		ə		ənbɪcə		χəlɒt	χlɑs	xlʊzəmɑrʃɑn		smɒtn				t	ɛ	uk	hɑn			ɑmənəkir	ɪs							lʊtər		lʏpt	løpm		ma	mɛt	frɑ				nœy		ɒfdɑt	fɒ		ɯk	ɔp		ʒɑmpætər	mʊkən	rɒtə			χɒtkɑpɔt				stɪləkis	strʊtə				lʏkə	fɑn		frʊxt	frɑ	wɑsfɑzɪniʃ		sit
Grijpskerk	a	pəlɪtsi	az	bæidn	bəslyt	bɛi	bytn	dʊ		dʌ	də	dʊr	ei	ə	ə	ebm		xərɪŋkəl	xlas	xlasɛtər	xʊt	xʊin	hei	høl	hɛm	t	hɛi	huk	hɒln	hyzn	ɪn	ɪneis	ɪs	jɔŋkjə	jyst	lʏ	klɪŋkt	kɒrdə	kriɡŋ	lʌtər	lɛt	lɒpt	loupm	lʏkt	mɑr	mɛt	frɑu	na	nɛt	nɪt	nʌ		ɒf		ɔndɔn	ɒk	ɔp	pɑkŋ	pəlitsi	mɒkŋ	rut	rut	sʌmm	snøfəln		stapt	sten	stɪl	strʌt	strɒtn	tə	tit	tufɑləx	fan	føl	frɒxt	frɑu	ʋʏl	zə	sit
Groenlo	ɑn	bɒlə	əs			bei	bytn	dɔ	dan	da	də	dʏʀ	ei	ən	dəʀ	ɛfkəs	ɛkstʀa	xəʀɪŋkəl	xlas	xlɑsɛtəʀ	xʊd	smitə	hɪ			t	i		hɒln	hysəʀ	ɪn	ɪnɛns	ɪs	mɛnəkə	jyst	klɛin	klɪŋk			lʌtəʀ	lɛt	lœp	lopm			mɛt	fʀɒuə	nə	nɛt	net		nɒu	ɒf	ɔm	ɔndʌn		ɔp	pakŋ	bɒlə	mɒkŋ	ʀytə	ʀytn	samm	snøfələn		kʏmp	sten	stɪl	stʀʌtə		tə		tufaləx	fan		fʀœx	fʀɒuə	ʋʏl	sə	sœt
Grolloo	ɑn	axɛt	as	bɛidn	bəslœt	bɛi	bytn	dʌ	dan	da	də	dʏr	ɪ	ən	dər	ebm	ɛkstra	xərɪŋkəl	xlas	xlasɛtər	xud	xʊin	hei	hil		hɛt	ə	huk	hɒln	hyzn	ɪn	ɪnɪs	ɪs	jɔŋki	jyst	klɛin	klɪŋkt	kœrtə	kriɡŋ	lʌtər	lɛt	lʌp	lʌupm	lʏkt	mʌr	mɛt	məfrɑu	nɑ	nɛd	nit	nau	nɑu	ɒf	ɔm	fənslax	ok	ɔp	pɑkŋ	pəlisiɑxɛt	mɑkŋ	ryt	rytn	sɑmm	snøfəln		stɑpt	sten	stɪl	strat	stratn	tə	tit	tʊfaləx	fan	fœl	frʌx	frɑu	wʏl	sə	sœt
Grouw	ʊn	pliʃəmɑn	ɑt	bɑidn	bəslyt	bai	butn	da	dan	dat	də	trɒx	i	ə	dər	ɛfkəs		rɪŋklən	ɡl̴ɛs	ɡl̴ɛsɛtər	ɡut	ɡʊiə	hei		əm	ət	ər	hukə	hɒdn	hyzn	ɪn	ɪninn	ɪs	jɔŋkjə	krɛkt		klɪŋkt	kuɑtə	kræiən	lɛtər		rɪnt	rɪnn	slɑxət	mɑ	mɑi	frɑu	na	krɛkt	nɛt			ɒf		ʊndɪ		ɔp	pakŋ	pliʃəman	mɑitʃə	ryt	rytn	təɡɛrə	ɡɪnstɪkŋ		stapt	sti	stɪl	strɪtə		tə	tit		fan		freixət	frau	ʋɔl	sə	ʃʏxt
Heerewaarden	ʌn	plisi	ɛs	ɑləbæi	bəslœt	bɑi	baytə	dɒ	dɑn	dæ	də	dʏʀ	ein	ə	ə	ɛfə	ɛkstʀa	çəʀɪŋkəl	çlɑs	çlɑzætəʀ	çut	çʊiə	hei		əm	ət	i	uk	hauə	hayzə	ɪn	nɪns	ɪs	mɛnəkə		klɛn		kɒʀtə	kʀæiçə	lʌtəʀ	kɛk	lɒpt	loupə	lʏkt	mɑʀ	mɪt		nʏ	næt	ni	nau	nɑu	ɒf	ɔm		ouk	ɔp	pɑkə	plisi	makə	ʀɒm	ʀɒmə	samə	çɒnkəpɒt		stɑpt	sten	stɪl	stʀʌt	stʀʌtə	tə	tait	tufɑləç	fʌn		fʀɒçt		wɪl	zə	sit
Hoeven	ɑn	pəlisi	ɑls	baidə	bəslɑyt	bai	baytə	dʌ	dɑn	dɑ	də	dʊʀ	ɪn	ə	ɛʀ	ɛfə	ɛkstʀɑ	çəʀiŋkəl	çlɑs	çlɑsəzɛtəʀ	çut	çʊiə	hei	hil	əm	t	i	huk	hɑuə	hayzə	ɪn	ənes	ɪs	mɑnəkə		klɛin	kliŋk	kɒʀtə		lɑtəʀ	lɛt	lɤupt	lɤupə	lʏkt	mɑʀ	met	fʀɑu	na		ni	nɑu	ny	ɒf	ɔm	ɔndʌn	ouk	ɔp	pɑkə	pəlisi	mɑkən	ʀɑyt	ʀɑytə	samə	snəøfələ		stɑpt	stenə	stɪl	stʀɑt		tə	tait	tufɑləç	fɑn	fœl	fʀɑçt	fʀɑu	wɪl	zə	sit
Hollum	an	plisi	ɑls		ʋɪl	bœi	bytə	dɪ	dɑn	dat	də	dʏr	ɪ	ə	ər	ɛfkəs	ɛkstra	ɡərɪŋkəl	ɡlɑs	ɡlazəsɛtər	ɡut	ɡʊiə	hei			ət	i	huk	hauə		ɪn	ənis	ɪs	jɔəcə	nɛt	klɛih	klɪŋkt	kɒrtə		latər	lɛt	loupt	loupə		mar	mɛt	frɑu	na	nɛt	nit	nau	nɑu	ɔf		skrɒkə	ouk	ɔp	pɑkən	pəlisi	makə	ryt	ramə				stɑpt	stin	stɪl	strat	stratə	tə	tit	tufɑləx	fan		fraxt	frɑu	ʋɪl	sə	sit
Horn	an	ɑçænt	æs		bəʃlyt	bi	butə	dʌ	dan	dæ	də	dʊʀ	ein	ɛn	dəʀ	ɑfə	ækstʀə	çəʀɪŋkəl	çlas	çlazəzætəʀ	çʊd	çʊiə	he	hil	əm	əd	əʀ	huk	hɒiə	huzəʀ	ɛn	ɪnɛns	ɪʃ	jʏŋskə	nɛt	klɛin	klɪŋkt	kɒʀtə	kʀiçə	latəʀ	let	lœpt	l̴oupə	lʏkt	maʀ	mət	fʀɒu	nɑ	næt	nɪt	nʊ	nu	ɒf			ouk	ɔp	pɑkə	pliʃeçænt	makə	ʀut	ʀutə	samm	ʃnøfələ		ʃtɑpt	ʃtein	ʃtɪl	ʃtʀɒt	ʃtʀɒtə	tə	tit	tufɑləç	fɑn	fœl	fʀøʃ	fʀɒu	wʏlt	zə	zyt
Houthulst	ɑn	flɪk	ɒt	ɒlətwɪə	bəslyt	bi	bytn		tun	dʌ	də	dʏr	ɪn	ə	dər	əbɪcə		χəriŋkəl	hlɑs	hlʊzəmʌkər		smɪtn	ɛ		æm	t	m	uk	ʊn	yzn	ɛn	ɔməkir	ɪs	juŋəcə	ʃystə	klɪn	kliŋkt	kɒrtn		lɒtər	læt	lɒpt	lopm	lʏkt	mɒ	mæt	frɒumɛs	nɒ	ʃystə	ni	nʏ	ny	ɒfdɑt	fə	ʌntɔn	ok	œp	pɑkŋ	flik	fəmʌkŋ	rytə	rytn	topə	snøfəln		kɔmt	stɪn	stɪlə	strɒtə		tə	tit	tufʌləç	fɑn		frɑχt	frɒumɛs	wɛlt	sə	sit
Huizen		pʊlisi	ɑlz	bæidə	xɪt	bɛi	baytə	dɪ	dɑn	da	də	dʏr	ein	ən	ər	ɛfə		xərɪŋkəl	xlas	xlasɛtər		xʊiə	hei		əm	hɛt	i	huk	ɪnhʏnkraxfɑtə		ɪn	ɪneins	ɪs	jɔŋəcə		klɛin	klɪŋk	kɒrtə	krɛixə	lɪtər	kɛikt	lopt	lopə	lʏkt	mʌr	mɛt		na	nɛt	næit			ɒf		ɔndɪn	ɤuk	ɔp	pɑkə	pəlisi	mɑkə	rɪm	rɪmə	samə	xɪnkɑpɒt			sten	stɪl	strɪt		tə	tɛit		fɑn	fʏl	fraxt		ʋʏl	sə	sit
IJmuiden		pəlitsimɑn				bɛi	bœytə	da	dɑn	dɑ	də		ein	ən		ʋɑt	ɛkstra	xərɪŋkəl	xlɑs	xlɑsɛtər	xut	xɤiə			hɛm	hɛt	hɛi	huk		haysə	ɪn	plɔtsəlɪŋ	ɪs	bɪŋki		klɛin	klɪŋkt	kɒrtə	krɛixə	latər			loupə	lʏkt	mɑr	mɛt	məfrau	nɑ	nɛt	nit			ɒf		hefəxəsxrɔkə		ɔp	pɑkə	ɑxɛnt	makə	ram	ramə	samə	xankəpɒt	stan	stɑpt	stein	stɪl	strat		tə	tɛit	tufɑləx		fɪl	fraxt	məfrau	ʋɪl	sə	sit
IJsselmuiden	ɑn	ɑxɛnt	ʌs	ɑləbai	bəslœt	bei	bytn	dɑ	dɑn	dæ	d	dʏʀ	ɪ		dəʀ	ebm	ækstʀa	xəʀɪŋkəl	xlɑs	xlɑsɛtəʀ	xut	xʊin	hɪi		əm	t	ə	huk	hɒln	hyzn	ɪn	ɪnɪs	ɪs		nɛt			kɑʀtə	kʀiɡŋ	latəʀ	læt	lœp	lʌupm	lʏkt	maʀ	mɛt	fʀɑuə	nə	nɛt	nit	nau	nɑu	ɒf	œm	ɔntdɒn	ok	ɔp	pɑkŋ	plisiɑxɛnt	ʀepəʀɪʀn	ʀytə	ʀytn	samm	snøfəln		kʏmp	sten	stɪl	stʀʌtə	stʀʌtn	tə	tit	tufɑləx	fɑn		fʀœx	fʀɑuə	ʋʏl	sə	sœt
Itegem		pɒlis	ɑs	aləbæ	çʌt		bɔətə	dɒ	dɑn	dɑ	də	dʏr			dər	əbekə			çlɑs	çlɑzəmɑkər		smætə		hɪl		t	m	uk	pakə			ɪnɪs	ɪs	juəskə	ʃyst					lʌtər	kekt	lœpt	lɤpə		mə	mɛt	fra	nə	ʃyst		nɛ	nɑu	ɒfdɑt		hɪləmɑlɑçədɑ		ɔp		pɒlis	mʌkə	rɒət	rɒətə	sɑmə	çɑnkɑpɒt		kɔmt	stɪn	stil	strɑt					fɑn		frʌçt	fra	wɪl		sit
Jubbega	ɑn	pliʃə	ɑs	ɑləbɛi	bəslyt	bai	butn	dɛ	dɑn		də	trɒx	ɪ	ən	ər	eifkəs	ɛkstra	ɡərɪŋkəl		ɡlɛsəsɛtər	ɡut	ɡʊiə				ət	ər	hukə	hɑdn	hyzn	ɪn	ɪis	ɪs	jɔŋkjə	krɛk	lits		kuɑtə		lɛtər	lɛt	rɪnt	rɪnn		mar	mɛi	frau	na	krɛk	nɛt		nə	ɒf	ɔm	srʌkŋ		ɔp		pliʃə	mɑitʃə	ɡlɛs	ɡlɛzn	samm	ɡɪnstɪkŋ	stɪn	rɛnt	sti	stɪl	strɪtə	strɛtn		tiət		fan		freixət	frau	ʋɔl		ʃʏxt
Kampen	ɑn	pəlisi		bɛidn	bəslœts	bi	bytn	dʌ	dɑn	dæ	də		enə	ə	ɛʀ	ibm	ɛkstʀa	xəʀɪŋkəl	xlɑs	xlɒzəkɪʀl	xut	xʊin	hə	hil	həm	ət	i		hɒln	hyzə	ɪn	ɪnes	ɪs	jɔŋxin	jyst	klɛin	klɪŋk	kɒʀtə	kʀiɡŋ	latəʀ			lopm	lʏkt	mæʀ	mɛt	fʀɑuə	nə	jyst	nit			ɒf	ɔm	ɔntdɔn	ok	ɔp	pɑkŋ	pʊlisi	mɒkŋ	ʀytə	ʀytn	samm	snøfəln		stɑpt	stenə	stɪl	stʀʌtə		tə	tit	tufɑləx	fɑn	fʏlə	fʀœx	fʀɑuə	ʋɪl	sə	sit
Kerkrade	a	pəlis	wɛnt	tswɑi	bəʃlyt	bei	busə		dɑ	dɑt	dəʀ	dœʀç	ɪ	ɛ				çəʀɪŋkəl	jlas	jlɑsætsəʀ		wæʀpə			əm	əd	əʀ	ɛk	hʊdə	hysəʀ	ɛn	ɪnɛns	ɪʃ	jʏŋkə	çʀat	klɛin	klɪŋkt	kɒʀtə	kʀi	ʃpidəʀ	pɑst	lʏpt	lofə	lœkt	mɑʀ	mæt	fʀʌu	nɒ	çʀat	nɪt		nun	ɒf	œm	ɛntsɛtst		ɔp	pɑkə	pəlis	mɑkə	ʀut	ʀutə	tsəsɑmə	ʃnøfələ	stʊə	ʃtɑpt	ʃte	ʃtɛl	ʃtʀɔəʃ		tsə	tsit	soufæləç	fan		fʀɒd	fʀʌu	wɒl	sə	zit
Koekange	an	ʋikaxɛnt	ɑlz	bɛidn	bəslœt	bei	bytn	də	dan	da	də	dʏr	i	ən	ə	ibm	ɛkstrə	xərɪŋkəl	xlas	xlasəsɛtər		xʊin	hɪ		əm	t	he	huk	hɒln	hyzn	ɪn	ɪnis	ɪs	jɒxi		klɛin	klɪŋkt	kɒrtə	kriɡŋ	latər		lœp	lopm	lʏkt	mar	mɛt	frɑuə	nə	nɛt	nit			ɒf	œm	ɔntdɔnə		ɔp	pɑkŋ	ʋikaxɛnt	makŋ	rutə	rutn	samm	xɒtkəpɒt		stɑpt	sten	stɪl	strʌtə		tə	tit	tufɑləx	fan		frœx	frɑuə	wɪl	sə	sɛt
Kudelstaart	æn	ɑxɛnt	ɑls	ɑləbɛi	bəslœyt	bɛi	baytə	da	dʌn	dɑt	də	dʊr	e	ən	ɛr	eifə	ɛkstra	xərɪŋkəl	xlɑs	xlɑsɛtər	xut	xɤiə		hɪl	əm	t	hɛi	huk	hɑudən	haysə	ɪn	ɪneins	ɪs	jɔŋəcə		klɛin	klɪŋk	kʊrtə		latər	lɛt	loupt	lɑupən	lʏkt	mar	mɛt	məfrau	na	nɛt	nit		ny	ɒf	ɔm	xəsxrɔkə	ouk	ɔp	pɑkə	pəlitsiɑxɛnt	repɑrɪrə	ram	ramən	samə	snøfələn		stɑpt	stein	rʏstəx	strat	stratən	tə	tɛit	tufɑləx	fɑn	fɪl	fraxt	frau	ʋɪl	sə	sit
Laren	ɑn	ɑxɛnt	as	bɛidə	bəslœt	bi	bytn	dɒ	dan	da	də	dʏr	e	ən	ə	ɛfən		xərɪŋkəl	xlas	xlasɛtər		xʊin	he		əm	həd	ə	hok	hɒln	hyzə	ɪn	ɪnɛns	ɪs	jʏŋskə		klɛin	klɪŋk	kɒrtə	kriɡŋ	latər		lœp	lɔpm	lʏkt	mɑr	mɛt	frɑuə	nə	nɛt	ni	nu	nu	ɒf	œm	hɪlməlfandəʋizə	ok	ɔp	pɑkŋ	pʊlitsiɑxɛnt	makŋ	rutə	rutn	samm	xɒtɑndɪxələ		stapt	sten	stɪl	strʌtə	strʌtə	tə	tit		fan		frœx	frɑuə	ʋɪl	sə	sœt
Leersum	ɔp	ɑxɛnt	ɑs	ɑləbɛi	ʋɪl		baytə	da	dɑn	dɑ	də	dʊr		ən	ə	eifə	ɛkstra	xərɪŋkəl	xlɑs	xlɑsɛtər	xut	xʊiə	hei		əm	hɛt	hɛi	huk	pɑkə		ɪn		ɪs	jɔŋəcə		klɛin	klɪŋkt	kɒrtə	krɛixə	latər	lɛt	lɤupt	lɤupə	lʏkt	ma	mɛt	frɑu	nɑ	nɛt	nit	nau	ny	ɒf		heləmɑlfəslɑx		ɔp	pɑkə	pəlitsiɑxɛnt	makə	rayt	raytə	samə	xanstʏk		kɔmt	stein	stɪl	stra	stratə	tə	tæit	tufɑləx	fɑn	fɪl	fraxt	frɑu	ʋɪl	sə	sit
Lemmer	ɑn	plisiman	ɑt	bɛidə	bəslyt	bai	bytn	dɛ	dɑn	da	də	trɔ	ɪ	ə	dər	eifə		ɡərɪŋkəl	ɡlɛs	ɡlɛsɛtər	ɡuj	ɡʊiə	hei		əm	t	hɛi	hukə	hɒdn	hyzn	in	ɪninn	ɪs	jɔŋkjə	krɛk	lits	klɪŋkt	kœtə	kræiən	lɛtər		rɔnt	rɔnn	lʏkt	mar	mai	frau	nə	krɛk	nɛt			ɒf	ɔm	fəslain		ɔp	pɑkŋ	pəliʃə	mɑitʃə	ram	ramm	təɡɛrə	ɡɪnstɪkŋ		stapt	stɪn	stɪl	strɪtə		tə	tiət	tufɑləx	fan		freixət	frau	ʋɔl	sə	ʃʏt
Lokeren	ɑn	ɑçænt	ʌzt		bəslœt	bei	bœtn		tæn	da	dən		ɪ	ə		it	ækstra	çəlɪŋkə	çlɒɑs	çlʌzəmɒkər	çu	ruə				t	ɪ	uk	ɒn	œzn	ɪn	enəkir	ɪs	mɑnəkə	ʃyst	klæn		kɒrtn		lʌtər	pʌst	lʏpt	løpm		mʌr	mɪt	frʌu	nə	ʃyst	ni			ɒf		fəsxrɪkt	ɯk	in	pɑkŋ	ɑçænt	mɒkŋ	rœtə	rœtn	typəsɔmm			kɔmt	sti	stɪl	strʌtə			tɪt		fɑn		frɒçt	frɑu	wə	sə	sit
Lommel	ɒp	pəlis	ɑs		wɪl	bɛi	bœtə	dʊ	dʌ	dɑ	dɪʀ	dʏʀ	en	ə	ə	ɛfkəs		lawɛt	çlɑs	ʀœtəmɑʔəʀ	çu	smætə				t	i	huk	pakə	hœizə	ɪn	ɪnɪns	ɪs	mænəʔə	ʃyst	klæn			kʀɛeçə	əʀnɑ	læt	lɔpt		çɪt	mæʀ	mæt	fʀɒu	na	ʒyst	ni		nə	ɒf				ɔp	pakə	plis	mɑkə	ʀœt	ʀœtə	sɑmm	çɒnkapɒt	stʌn	kɔmt	stɪn	stɪl	stʀʌt		tə	tɛt	stʀɑf	fɑn		fʀɑçt	fʀɒu	wʏl	zə	ziç
Lunteren		sxrɪk	ɑs		bəslyt	bɛi	bytə	da	dɑn	da	də	dʏr	ei	n	dər	ɛfə		xərɪŋkəl	xlas	xlɑskɪəl		xʊiə	hei	izəx	əm	t	i	huk	ɑrəstɪrə	hysə	ɪn		ɪs	kɪrəlcə	nɛt	klɛin		kɒrtə	krixə	lʌtər	lɛt	lʌupt		lœkt	mær	mɛt	ʋif	na	nɛt	nit	nɔ	nu	ɒf	œm		ɒk	ɔp		sxrɪk	mʌkə	ryt	rytə	sʌmə	xʌnɑndɪxələ	stɑn	kɔmt	stein	stɪl	strat	strɑtə	tə	tit	tufɑləx	fɑn	føl	fraxt	ʋif		sə	sit
Maldegem	ɑn	flik	ɒt	ɑlətwɪə	bəslyt	bɛ	bytn	da	tɒn	dɑ	də	dʏr	ɪ	ə	dər	ənposkə		hərɛhtə	hlɑs	rytəmɑkər	hut	smytn		fre	æm	t	i	uk	hʌudən	ɪzn	ɛn	ʌmɛnəkɪr	ɪs	fɛncə	ʃistə	klæn		kʊrtə	kriɡŋ	lʌtər	læt	loupt	louʔn	lækt	mʌ	mɪt	frɑuə	nɑ	ʃystə	ni	nɛi		ɒt	ɔm	ɔndɑn	ɤk	ɔp	pɑkŋ	flik	mɒkŋ	rytə	rœtn	toupə	snøfələn			stɛ	stɛl	strʌtə	strʌtn	tə	teit	tufʌləh	fɑn		frɑht	frɑuə		zə	sit
Marken	an	ɑxɛnt	ɑz	bɛidə	bəslayt	bɛi	bœytə	da	dɑn	dɑ	də	dʊr	ein	ən	ɛr	eifə	ɛkstra	xərɪŋkəl	xlɑs	xlɑsɛtər	xut	xɤiə	hei	hɪl	əm	hɛt	hɛi	huk	hɑuə	hayzə	ɪn	ɪneis	ɪs	jɔŋəcə	jœyst	klɛin	klɪŋkt	kɒrtə	krɛixə	latər	lɛt	lʌupt	lʌupə	lʏkt	mɑ	mɛt	frau	nɑ	nɛt	nit	nɑu	ny	ɒf	ɔm	ondan	ouk	ɔp	pɑkə	pəlitsiɑxɛnt	repərɪrə	rœyt	rœytə	samə	snøfələ		stɑpt	stein	stɪl	strat	stratə	tə	tɛit	tufɑləx	fɑn	fɪl	fraxt	frau	ʋɪl	sə	sit
Middelharnis	ɑn	æχænt	ɑs	bɛidə	bəslyt	bi	bytən	da	dɑn	da	də	dʏr	ɪn	ə	dər	eifə	ækstra	xərɪŋkəl	xlɑs	χlʌsætər	xud	χʊiə	hei	hɪl		ət	i	huk	hɑuə	hyzn	ɛn	ənis	ɪs	jɔŋəcə	jyst	klɛin	klɪŋk	kɒrtə	krɪxə	lætər	læt	lɑpt	lɑpə	lœkt	mɑr	mæt	frau	nə	næt	nɪt	nə	nɒ	ɒf	ɔm	ɔndan	ʌk	ɔp	pɑkə	pəliʃɑχɛnt	repərɪrə	ryt	rytə	sæmm	snøfələ		stɑpt	stɪ	stɪl	strat	stratə	tə	tit	tufaləχ	fɑn	fʏl	fraχt	frau	wɪl	sə	zit
Naaldwijk	ʊp				ʋɪl		baytə						ein	e		ɛfə	ɛkstʀa	xəʀɪŋkəl	xlɑs	xlʌsɛtəʀ	xut	xɤia				hɛt	i		pʌkə	hœyzə		ɔpeis	ɪs	jɔŋəcə						lɑtəʀ						mɛt	fʀaɯ	nə		nit		nɑ	ɒf		xəsʀɔkə		ɔp	pɑkə	pəlitsi	mɑkə	ʀam	ʀamə				kɔmt	stein	ʀʏstəx	stʀat		tə		tufʌləx			fʀaxt	fʀaɯ	ʋɪl	sə	sit
Neeroeteren	ɑn	pələs	æz	ɑlətwi	bəʃlɪst	bi	bytə	dɒ	dɑn	dat	də	dʊʀ	ein	ə	əʀ	æfə	ækstʀa	çəklɪŋəl	çlɑs	çlɑsənɛikəʀ	çʊd	çɯiə	ei	hil	əm	hɛt	hɛi	huk	houə	huzəʀ	ɔp	ɪnɪs	ɪʃ	mænəkə	ʃœst	klæn		kɒʀtə		dəʀnɒ	læt	leit	lɤpə	lækt	mɑʀ	mæt	fʀɑu	nʌ	ʃœst	nɪt		ny	ɒf	ɔm	hɪlydəʀdʊn	ɤuç	ɔp	pɑkə	pəlɪs	mɑkə	ʀut	ʀutə	sɑmə	çɒnkəpɒt		kæmt	ʃtein	ʃtɪl	ʃtʀɔt		tə	tit		fɑn	fœl	fʀeiçt	fʀɑu	wɒl	sə	zit
NijAltoenae	ɑn	plisi	at	bɒidə	bəslyt	bai	bytn	dæ	dan		də	dʏr	ein	ən	dər	eifə	ɛkstra	ɡərɪŋkəl	ɡlɑs	ɡlɑsɛtər	ɡut	smite	hei			hət	i	huk	hauən	hyzn	ɪn	ɪneinn	ɪs	jɔŋki	krɛk	klɒin		kɒrthʏtsi		l̴atər		loupt	lʌupm		mɑ	mɛt	frau	nə	krɛk	nɪt		nɑu	ɑt	ɔm	ɑndɛin		ɪn	pakŋ	plisi	makə	ryt	rytn	təɡar			stɑpt	stein	stɪl	strat	stratn	tə	tit		fan	føl	fraxt	frau	ʋɪl	sə	sit
Nijverdal	ɑn	ɑxɛnt	ʌs	ɑləbɛidə	bəslœt	bi	bytn	dʊ	dɑn	dɑ	dən		ɪ	ən	ər	ɛbm		xərɪŋkəl	xlɑs	xlɑsɛtər		xʊin	he	bʌrstəns	əm	t	ər	huk	hɒln	hyzə		ɪnɪs	ɪs	jɒxi	nɛt	klɛin	klɪŋk		kriɡŋ	lʌtər		xit	lopm	lʏkt	mʌr	mɛt	frɑuə	na	nɛd	ni		nu	ɒf				ɔp	pɑkŋ	pəlisi	repərɪrn	rutə	rutn	samm	snøfəlt		stɑpt	stɪ	stɪlə	strʌtə		tə		tufɑləx	fɑn		frœx	frɑuə	ʋʏl	sə	sœt
Noordwolde	ɑn	plisi		bɛidn	bəslyt	bei	bytn	dʊ	dæn	da	də	dʏr	ɪ	ə	dər	ebm		xərɪŋkəl	xlas	xlazəsɛtər	xʊt	xʊin			əm	hɛt	i	hukə	holn	hysn	ɪn	ɪnɪs	ɪs	manəxi	jyst	klɛin	klɛŋkt	kɒrtə	kriɡŋ	lætər	kɪkt	lɒp	loupm	lʏkt	mar	mɛt	frau	na	jyst	nit	nə		ɒf	ɔm	ɔndʌn	ok	ɔp	pakŋ	plisi	mækŋ	rytə	rytn	sæmm	snøfəld		stapt		stɪl	strɑtə	strʌtn	tə	tit		fan		frʌxt	frau	wɪl	sə	sit
Ommen	ɑn	axɛnt	ɑs	bɛidn	bəslyt	bi	bytn	dʊ	dɑn		də	dʏr	i	ən	ə	əsxɒfi		xəklɛtər	xlas	xlɑsɛtər	xut	smitn			əm	ət	ə	huk	hɒln	hyzn	ɛn	ɪnis	ɪs	jɒxi	jyst		klɪŋkt	kœrdə	kriɡŋ	latər	kɛikt	lœp	lopm	lʏkt	ma	mɛt	frɑu	na	nɛt	ni			ɒf	ʏm			ɔp	pɑkŋ	pəlitsiɑxɛnt	makŋ	rutə	rutn		xɒtandɪxəln	stʌn		sti	stɪl	strʌt	strʌtn	tə	tit		fɑn		frʏx		wɪl	sə	sɛt
Onstwedde	æ	pəlitsi	as	baidn	bəslut	bi	butn	dʊ	dɛn	da	də	dʏr	ɑi	ən	dən	eibm	ɛkstra	xərɪŋkəl	xlas	xlasɛtər	xɑud	xʊin	hei	høl	əm	t	ha	hɑukə	hɒdn	huzn	ɪn	ɪnɒis	ɪs	jɔŋkjə	jyst	løcə	klɪŋk	kœrdə	kriɡŋ	lɒtər	lɛt	lʌpt	lʌupm	lʏkt	mɒr	mɛt	fra	nʊ	nɛt	ni		nɑu	ɒf	ɔm	ɔndʊn		ɔp	pakŋ	pəlitsi	klʊrmɒkŋ	rudə	rutn	sɔmm	snøfəln		stapt	stɑinə	stɪl	strɔdə	strɔtn	tə	tit		fan	fœl	frɔxt	fra	ʋɪl	zə	sœx
Oostende	ɑn	pʊliʃə	ɒt	ɑlətwæ	bəslyt	bi	bytn			dʌ	də	dʏr	ɛ	ə	dər	əbecə	ɛkstɑ	həriŋkəl	hlɑs	rytəmʌkər	hud	smitn		hɛl	hæm	t	i	uk	ɯn	ysn	ɛn	ɔpes	ɪs	jɔŋəcə	ʃystə	klɛn	kliŋkt	kɒrtə		lɒtər	læt	lɒpt	lopm	lʏkt	mɒ	mæt	mɑdɑm	no	ʃystə	ni		ny	ɒf	ɔm		ɯk	ɔp	pɑkŋ	pʊliʃə	fəmʌkŋ	rytə	rytn	təhɒrə	snøfəln		kɔm	stɛn	stɛl	strɒtə		tə	tit		fan	fil	fraht	mɑdɑm	wɛl	sə	sit
Ooy	ɔp	ɑçæt	ɑz	bɛidə	bəslyt	bei	bytə	dɑ	dɑn	dɑ	də	dʏʀ	ɪn	ə	ər	ɛfə		çərɪŋkəl	çlɑs	çlɑsætər	çud	çʊiə			əm	t	hɛ	huk	pakə	hyzə	ɪn	ɪnɛns	ɪs	jʏŋskə	nɛt		klɪŋkt	kɒrtə	kriçə	latər		lœp	lopə	lʏk	mʌ	mət	frɑu	nə	nɛd	nit	nɑu		ɒf	ɔm		ok	ɔp	pɑkə	pɒlisiaçɛnt	makə	ryt	rytə	samə	çɒnkəpɒt	stʌn		stɪ	stɪl	strʌt	strʌtə	tə	tit	tufɑləç	fɑn		frʏç	frɑu	ʋɪl	zə	sit
OudeNiedorp	ɑn	ɑxɛnt	ɑls	bɛidə	wʏl	bɛi	bœytə		dɑn	dɑ			ein	ən	dər	ɛfis		rɪŋkələ	xlɑs	xlɑsɛtər		χʊiə	hɛ	hɪl		ət	hɛi	huk	hɑuə	hayzə		ɪnins	ɪs			klɑin	klɪŋk			dəna		loupt	loupə			mɛt	frɑu	na	nɛt	nit	nə		ɒf		fəskrɪkt	ɔk	ɔp	pɑkə	ɑxɛnt	makə	ram	ramə		xanstʏk		kɔmt	sti	stɪl	strat		tə		tufɑləx		fʏl	fraxt	frɑu	wʏl	sə	zit
Oudebildtzijl	ɑn	pəlisi	ɑt	bɒidə	bəslyt	bɛi	bytn	dæ	dan	da	də	dʏr	ei	ə	dər	ənhʏtsɪ	ɛkstra	ɡərɪŋkəl	ɡl̴ɑs	ɡl̴ɑsɛtər		ɡʊiə	hei		əm	ət	i	huk	hɑuən	hyzn	ɪn	əpdɑtstɑyt	ɪs	jɔŋki	krɛk	klɑin	kl̴ɪŋk	kɒrthʏtsi	kræiən	l̴atər	l̴ɛt	loupt	loupm	l̴ʏkt	mar	mɛt	frau	na	krɛk	nit	nɑu	nɑu	ʌt	ɔm	ɑndɛin	ok	ɔp	pakŋ	pəl̴isi	makə	ryt	rytn	təɡar	snøfələ		stapt	stein	stɪl	dik	stratn	tə	tit	tufaləx	fan		fraxt	frau	ʋɪl	sə	sit
Overijse		ɑçænt	ɑs	ɑlətwi	dɛsidæʀt	bai	bɔətə	dʊ	dɛn	dɑ	dən	dœ	ɪ	ə	əʀ	ənbeikə	ɛkstʀɑ	çəʀɪŋkəl	çlɑs	çlʊzəmʊkər	çʏd	smæitə	e	ɪl	æm	t	m	uk	ɑʀəstɛʀə	ɒəzə	ɪn	inɪnəkɪʀ	ɪs	mænəkə	ʃyst	klɑn		kœʀtən		lʊtəʀ	lɛt	lʏpt	lʏɑpə	lʏkt	mɒ	mæt	fʀɑ	nə	ʃyst	ni		nɑ	ɒf	ɔm		uk	ɔp	pakə	ɑçɪnt	ʀɛpaʀɛʀə	fɪstəʀ	fɪstəʀs	sʊmm	snøfələ		kɔmt	sti	stɪl	stʀot	stʀʊtə	tə	tæt	lʏkə	fɑn	fɶl	fʀʊçt	fʀɑ	wɪlt	zə	sɪt
Pannerden	ɑn	plitsi	ɑs	bæiə	bəslyt	bɛi	bytə	dʊ	dɑn	dɑ	də	dʏʀ	i	ə	ə	æfə	ækstʀɑ	çəʀɪŋkəl		çlɒzəzætəʀ	çut	çʊiə			əm	ət	i	huk	hɑuə	hyzə	in	ɪnɛns	ɪs	jʏŋskə	jyst	klɛin	klɪŋk	kɒʀtə	kriçə	lʌtəʀ	læt	lœp	lopə	lʏk	mʌr	mæt		nə	næt	nit	nɑu	nɑu	ɒf	œm	ɔndʌn	ouk	ɔp		pəlisi	mɑkə	ʀyt	ʀytə	samə	çʌnkəpɒt		lʏp	kɛi	stɪl	stʀʌt	strʌtə	tə	tit	tufɑləç	fɑn	fʏl	fʀœç	fʀɑu	wʏl	zə	sit
Poperinge	œp	pʊlisə	ɑt	ɑlətwi	peist	bi	bytn		tʊn		də	dʏr	ɛ	a		əbecə		hərɪŋkəl	hlɑs	fæntfɑndərytn		smitn		stif		t	m	uk	pɑkŋ	yzn		ɒməkir	ɪs	fɪncə	ʒystə	kliɪn				lɒtər	læt	lɒpt	lopm			mæt	wyf	nɑ	ʃystə	ni		ny	ɒfdɑt	fɑ			ɔp	pɑkŋ	pʊlisɪ	fəmɒkŋ	rytə	rytn			stɒ	kɔmt	stɛ	stɪl	strɒtə				pɑsn	fan		frɒht	wyf	wɛlt	sə	zit
Reeuwijk	an	ɑxɛnt	ʌls	ɑləbɛi	bəslayt	bɛi	bœytə	da	dɑn	dʌ	də	dʊr	ein	ə	ər	eifə	ɛkstrə	xərɪŋkəl	xlɑs	xlʌsɛtər	xut	xʊiə	hei	hɪl	əm	ət	i	huk	hɑudə	hayzə	ɪn	ɪnes	ɪs	jɔŋəcə	jayst	klɛin	klɪŋk	kʊrtə	krɛixə	latər	læt	lʌupt	lʌupə	lʏkt	mɑɻ	mɛt	frɑu	na	nɛt	nit	nʌu	nu	ɒf	ɔm	xəsxrɔkə	ouk	ɔp	pɑkə	plitsiɑxɛnt	repərɪrə	rœyt	rœytə	samə	snøfələ		stʌpt	stein	stɪl	strat	stratə	tə	tɛit	tufʌləx	fɑn	fɪl	fraxt	frɑu	ʋʏl	sə	sit
Rijen	an	plisi	ɑlz	bæidə	bəslœyt	bɛi	bœytə	də	dɑn	dæ	də	dʊʀ	e	ə	əʀ	ɛfə	ɛkstʀə	çəʀɪŋkəl	çlɑs	çlɑsætəʀ	çut	çʊiə		hɪl	əm	t	i	hɯk	hɑuə	hayzə	ɛn	ɪneis	ɪs	jɔŋəcə	jaist	klɛin	klɪŋkt	kɒʀtə	kʀɛiçə	lɑtəʀ	lɛt	lʌpt	lopæ	lʏkt	mɑʀ	mæt	fʀɑu	na	nɛt	ni		ny	ɒf	ɔm	ɔndan	ɤuk	ɔp	pɑkə	pliʃɑçɛnt	ʀepəʀɪʀə	ʀayt	ʀaytə	samə	snøfələ		stɑpt	stein	stɪl	stʀʌt	stʀatə	tə	tɛit	tufɑləç	fɑn	fʏl	fʀaçt		wɪl	zə	zit
Rijkevorsel	up	pɒlɪs	ɑs	ɑlətwiə	bəslœt	bɛi	bœtə	dɑ	dan	dɑ	də	dʏʀ	i	æn	dəʀ	ɛfkəs		çəʀiŋkəl	çlas	fandəfæstəʀs	çu	smætə	hei	ɪl		t	m	uk	pækə	hœs	ɪn	ɪnɪs	ɪs	manəkə	ʃyst	klæn				lʌtəʀ		lœp	lɤpə		mæʀ	mæt	madam	nər	ʃyst	ni	nau	na	ɒf	œm	fəsxɔtə		ɔp	pakə	pɒlɪs	mʌkə	ʀœt	ʀœtə	sam	çɒnkɑpɒt		stapt	stɪ	stɪləkəs	stʀʌt				lʏkə	fan	fœl	fʀʌçt	fʀɑɯ	wʊl	zə	sit
Roswinkel	æ	plitsi	ɑs	bɛidn	bəslɒt	bi	butn	dʊ	dan	da	də	dʏr	ɑi	n	dər	ebm	ɛkstrə	xərɪŋkəl	xl̴as	xlasɛtər	xɑud	xʊin	hɪi	høl	hɛm	t	ə	hɑukə	hɒdn	huzn	ɪn	ənɑis	ɪs	jʌŋki	jyst	klɛin	klɪŋk	kœrdə	kriɡŋ	lɒtər	lɛt	lʌp	loupm	lʏkt	mɑr	mɪt	məfrɑu	nɒ	nɛt	nit	nʌu	nɑu	ɒf	œm	fəbɑldərɪt	ok	ɔp	pakŋ	plitsiɑxɛnt	reparɪrn	rudə	rutn	sʊmm	snøfəln		stɑpt	stɑinə	stɪl	strʌdə	strʌtn	tə	tit	tufɑləx	fan	føl	frax	frɑu	ʋɪl	sə	sʏx
s-Gravenvoeren	ɑ	ʃɑndɑʀm	ɛs	ɑlətwiə	wʏlt	bi	butə	də	dɑ	dɑt	dəʀ	dʊʀ	en	ən		çæt	ækstʀɑ	ʀɑmɛnt	çlɑs	çlɑsəniʀkəʀ	hut	bʀuiə	hɛ		əm	əd	i	hok	hoə	husə	ɔp	opɪns	ɪʃ	jʏŋskə	ʃyst	klen		kɒʀtə		lɑtəʀ	kik	lœpt	lopə	lʏkt	ma	mət	fʀʊu	nə	ʃyz	nɪt		ny	ɒf		çɑnsfəʀlʊʀə		ɔp		ʒɑndɑʀm	mɑkə	ʀut	ʀutə	təhop			kʏmt	ʃte	ʃtɪl	ʃtʀot		tə	tit	zɪn	fɑ	fœl	fʀyd	fʀʊu	wɪl	sə	zɪt
Sexbierum	ʊ	aɡɛnt	ʌs	bɑidə	bəslyt	bai	butə	dɛ	dan	d	də	trɒ	ɪ	ə	dər	ɛfkəs		ɡərɪŋkəl	ɡl̴ɛs	ɡlɛsɛtər	ɡut	ɡʊiə		hil	əm	ət	ər	huk	hɑdn	hyzn	ɪn	ɪnis	ɪs	jɔŋkjə	krɛk	lits	klɪŋkt	kuɑtə	kræiən	lɛtər	lɛt	rɪnt	rɪnn	lʏkt	mɑr	mɑ	frau	na		nɛt		nau	dat	ɔm	skrɔkə	ɛk	ɔp	pakən	pəliziman	mɑitʃə	ryt	rytən	təɡɛrə	snøfələ		stapt	stɪ	stɪl	strɪtə	strɪtn	tə	tit	təfaləx	fan		freixət	frau	ʋɔl	sə	ʃʏt
SintAnnaparochie	ɑn	pəlisi	ɑt	bɒidə	bəslyt	bɛi	bytn	da	dɑn	dat	də	dʏr	ei	ən	də	nitføl	ɛkstrə	ɡərɪŋkəl	ɡl̴ɑs	ɡlɑsɛtər	ɡut	ɡʊiə	hei			hɛt	i	huk	hɑuən	hyzn	ɪn	ɪnenn	ɪs	jɔŋki	krɛk	klɑin		kɒrthʏtsi		latər	sit	loupt			mɑr	mɛt	frau	na	krɛk	nit	nau		ɑt	ɔm	skrɒkən	ouk	ɔp	pɑkŋ	plisi	makə	ryt	rytn	təɡar	ɡanstɪkən		stɑpt	stein	stɪl	dik		tə	tit	tufaləx			fraxt	frau	ʋɪl	sə	sit
SintJacobiparochie	ɑn	æɡɛnt	ɑθ	bɒidn	bəslyt	bɛi	bytn	dæ	dɑn	dɑ	də	dʏr	ein	ə	ər	efə	ɛkstrə	ɡərɪŋkəl	ɡlas	ɡlɑsɛtər	ɡut	ɡʊiə	hei	hɪl	hɛm	t	hɛi	huk	hɑuən	hyzn	ɪn	ɪneis	ɪs	jɔŋki	krɛk	klɒin	klɪŋk	kɒrtə		l̴atər	lɛt	loupt	loupən	lʏkt	mɑr	mɛt	frɑu	na	krɛk	nit	nɑu	nɑu	ɑt		fəsluxən	ouk	ɔp	pɑkŋ	pəliʃɑɡɛnt	makə	ryt	rytn	samm	snøfələ		stɑpt	stein	stɪl	dik	stratn	tə	tit	tufaləx	fən		fraxt	frɑu	ʋɪl	sə	sit
Sint-Oedenrode		ɑçænt	ɑls	ɑləbæi	wɪl		bœytə	dʌ	dɑn	dɑ	də			ən	əʀ	me		lowɑi	çlɑs	çlɑsætəʀ		çʊiə	hei			t	hɛi	huk	vɑtən			ənɪns	ɪs	jʏŋskə		klɛin				dənʌ		lʏpt				mɪt	fʀɒu	nɑ	kʀɛk	nit			ɒf				ɔp		ɑçɛnt	mɑkə	ʀʌm	ʀɑmə		çʌnkəpɔt		lʏp	stein	stɪl	stʀɒət				stɛʀk		fɪl	fʀɒçt	fʀɑu			zit
Slochteren	æn	axɛnt	ɑs	bɒi	bəslut	bi	butn	dʊ	dɛn	da	d	dʏr	ɑi	n	ɛr	ebm	ɛkstra	xərɪŋkəl	xlas	xlʊzənmɒkər	xɑut	xʊin	hei	høl	hɒm	hɛd	hɛi	hɑuk	hɒln	huzn	ɪn	inais	ɪs	jɔŋkjə	jyst	klɑin	klɪŋk	kœrtə	kriɡŋ	lʊtər	lɛ	loupt	loupm	lʏkt	mʌr	mɛt	frɑ	nə	nɛt	nɑit	nɑu	nɑu	ɒf	ɔm	ɔndʊn		ɔp	pɑkŋ	ɑxɛnt	reparɪrn	rut	rutn	sɔmm	snøfəln		stapt	stɑin	stɪl	strʊt	strʊtn	tə	tit	tufɑləx	fan	føl	frʊxt	fra	ʋʏl	sə	sʏxt
Sneek	an	pəlɪsi	ɑs	bɛidə	bəslyt	bai	bytn	da	dan	dɑt	də	dʏr	ei			əntit		ɡərɪŋkəl	ɡlaz	ɡlasəsɛtər	ɡut	ɡʊiə	hei		əm	ət	hɛi	hukə	hɑudn	hyzn	ɪn	ɪninn	ɪs	jɔŋkjə	jyst		klɪŋkt	kɒrtə		l̴atər	sit	loupt	lʌupm	lœkt	mʌr	mɛt	ʋif	na	krɛkt	nit			ɒf		fəsxrɪkt	ouk	ɔp	pakŋ	pəlɪsi	makə	ryt	ramə	təɡarə	ɡanstʏkŋ		kɔmt	stin	stɪl	strat	stratn	tə	tit	tufɑləx	fan		fraxt	ʋif	ʋy	zə	sit
Tegelen	a	pəlitsi	ɑz	ɑləbæi	bəʃlyt	bi	butə	dʊʀ	dæn	dɑt	dəʀ	dʊʀ	ein	ɛ	dəʀ	æfə	ækstʀə	çəʀɪŋkəl	çlas	çlasætəʀ	çʊt	çuia	hei	hɪl	hɪm	ət	ɪ	hʊk	haiə	hyzəʀ	ɪn	ɪnɛns	ɪs	jʏŋskə	nɛt	klɛin	klɪŋk	kɒʀtə	kʀiçə	latəʀ	læt	lœpt	lʌupə	lœk	mɑʀ	mæt	fʀɑu	nə	næt	nɪt	nʊ	nɒu	ɒf	œm	ɔndɔn	ouk	ɔp	pɑkə	pəlitsiæçænt	ʀepəʀɪʀə	ʀut	ʀutə	samə	ʃnøfələ		ʃtɑpt	ʃtæin	stɪl	stʀot		tə	tit	tufɑləç	fan	fil	fʀʏç	fʀɑu	wɪl	sə	syt
Tienen	ɯp	pʊlis	ɑz	ɒlətwi	dæsidɑit	bɛi	bœtə		dɑn		də	dœʀ	ein	ə		əbæcə		çəklɛtəʀ	çlɑs	çlɑzəmɑkəʀ		smætə		il		ət	m	uk	pakə	ɑsə	u	ɪnins	ɛs	mænəkə	ʒyst	klæn		kɑtən		lʊtəʀ		lʏpt	lɤpə		mʌʀ	bɛ	mɑdɑm		ʒys	ni		nɒ	ɒf	fœʀ			ɔp	pɑkə	pɒlis	ʀɛpaʀɛiʀə	ʀat	ʀatə		snɑifələ		kɔmt	sti	stil	stʀɔt			tæt		fɑn	fɑil	fʀɑçt	fʀɑ	wɪl	zə	seit
Tilligte	ɑn	axɛnt	as	ɑləbæi	ʋɪl	bi	butn	də	dan	da	d	dʏr	ɪ	ən	ər	nɪxfəl	ɛkstrʌ	xərɪŋkəl	xlas	xlasɛtər	xʊd	xʊin	hɪ		əm	t	he	hok	ɒn	hys	ɛn	ɪnes	ɪs	jʏŋskə	jyst	klɛin		kɒrtə	kriɡŋ	latər	lɛt	lœp	lopm	lʏkt	mær	mɛt		nə	nɛt	nɪx			ɒf				ɔp	pakŋ	plitsi	makŋ	rut	rutn	samm	xetkəpʌət		stapt	stɪn	rʏstəx	strʌt	strʌtn	tə	tit	tufaləx	fan		frœx		ʋɪl	sə	sɪt
Uithuizen	a	ɑxɛnt	ɑz	bɒidnt	bəslyt	bi	butn	dʊ	dɛn	da		dʏr	ɒi	ə	ɛr	eibm	ɛkstra	rɪŋkəln	xlas	xlasɛtər	xɑud	smitn	hei		hɒm	t	hɑi	hɑuk	hɒln	huzn	in	ənɒis	ɪs	jɔŋkjə	krɛkt	løɟə	klɪŋkt	kɒrdə	kriɡŋ	lʊdər	lɛt	lʌpt	loupm	lʏkt	mʌr	mɛt	frɑu	nə	nɛt	nɑit		nɑu		ɔm	fəsxrɪkt		ɔp	pakŋ	pəlitsiɑxɛnt	mɒkŋ	rut	rutn	sʊmm	snøfəln			stɑin	stɪl	strʊt		tə	tit	tufaləx	fan		fraxt	frɑu	ʋɪl	sə	zɪxt
Vaals	a	pʊlis	wɛn		wɛl	bei	uʃ	də	dan	dɑt	dəʀ	dœʀç	e			jæts	ækstʀa	jəʀɪŋkəl	jlɑs	fɪnstərmɑχəʀ	jut	wæʀpə	hei	jɑns		əd	hɪʀ	ɛk	hɑuə	hyzəʀ	ɪn	ɔbɛns	ɛʃ					kʊʀtə		ʃpedəʀ	kikt	jet	lofə		maʀ	be	fʀɑu	əʀ	çʀat	nɪt		nun	ɒf		jɑnsɛntsɛtzt		ɪ	pɑkə	pʊlis	ʀɛpɑʀiʀə	fɪnstəʀ	fɪnstəʀə		jʊntkɑpɒət		kʏmt	ʃte	ʃtɛl	ʃtʀɔəʃ		tsə	tsit	sufæləʃ	fɑ	fʏl	fʀɒd	fʀɑu	wɛl		sit
Veenwouden	ʊn	plisiman	ɑs	bɛidə	bəslyt	bi	butn	dɛ	dɑn	dɑt	də	trʊ	ɪ	ə	dər	eifə	ɛkstrə	ɡərɪŋkəl	ɡlɛs	ɡlɛsɛtər	ɡut	ɡʊiə			əm	ət	e	hukə	hʌdn	huzn	ɪn	ɪnɪnn	ɪs	jɔŋkjə	krɛkt	lits	klɪŋkt	kuɑtskɒfkə	kræiən	lɛtər	lɛt	rɪnt	rɪnn	lʏkt	mɑr	mɛ	frau	nə	krɛk	nɛt		nɑ	dɑt	ɔm	fəslax		ɔp	pɑkŋ	pliʃəman	mɑitʃə	ryt	rytn	təɡɛrə	snøfələ		rɪnt	stɪ	stɪl	dik		tə	tit	təfɑləx	fan		freixət	frau	sʌl	sə	ʃʏxt
Venray	an	æçænt	ɑs	ɑləbɛ	bəslyt	bɪ	bytə	dʌ	dɑn	dɑ	də	dʏʀ	ɪ	ə	dəʀ	ɪfkəs	ækstʀa	çəʀɪŋkəl	çlɑs	çlɑsætəʀ	çut	çʊiə	he		əm	ət	hɪʀ	huk	hɑldə	hyz	ɪn	nɛs	ɪs	mænəkə	jyst		klɪŋk	kɒʀtə	kʀijə	lɑtəʀ	læt	lœpt	lɯəpə	lʏkt	maʀ	mæt	fʀɒu	nə	næt	ni	nɑu	nɑu	ɒf	œm	ɔndɒɑn	ɒk	ɔp	pɑkə	pliʃə	ʀəpəʀɪʀə	ʀyt	ʀytə	samə	çʌnkəpʌt		stɑpt	stɪn	stɪl	stʀʌ	stʀʌətə	tə	tit	tufɑləç	fən	fɪl	fʀɒçt	fʀɒu	wɪl	z	zit
Veurne	œp	pɒliʃə	ʌt	ɒlətwi	bəslyt	bi	bytn	dʊ	tʊnə		də	dʏr	ɪ	ə	dər	əbecə		həriŋkəl	χlɑs	hlʊzəmʌkər	hud	smitn		stif	æm	t	m	uk	pɑkŋ	yzn	ɛ	ɒmətəkir	ɪs	fɪncə	ʃyst	klɪn	kliŋk	kɒrtn		lɒtər	læt	lɒpt	lopm	lʏkt	mɒr	mæt	mɑdɑm	nɑ	ʃyst	ni		ny	ɒfdɑt	fʊ	fərsχotn		ɔp	pɑkŋ	pɒliʃə	fəmɑkŋ	rytə	rytn	topə	snøfəln		stɑpt	stɪ	stɪl	strɒtə		tə	tit		fan		frɑht	frouə	wɛl		sit
Vrouwenparochie	ɑn	pəlisi	ɑt	bɒidə	bəslyt	bai	bytən	da	dan	dɑ	də	dʏr	ei	ə	dər	əskɒfʃə		ɡərɪŋkəl	ɡl̴as	ɡlɑsɛtər	ɡut	smitə	hei		əm	ət	i	huk	hauən	hyzn	ɪn	ɪneinn	ɪs	jɔŋki	krɛkt	klɑin	kl̴ɪŋkt	klɒinskɒftsi	kræiən	latər	sit	loupt	loupm	l̴ʏkt	mar	mɛt	frɑu	na	krɛkt	nit	nau		ʌf	ɔm	skrɔkə	ouk	ɪn	pakən	pəlisi	makə	ryt	rytn	təɡar	snøfələ		stapt	stein	stɪl	strat	stratn	tə	tit	tufaləx	fan		fraxt	frau	ʋɪl	sə	sit
Waubach	a	pʊlis	wæn	ɑləbei	bəʃlyt	bɛi	butə	dʌ	dan	dɑt	dəʀ	dœʀç	e			çæt	ækstʀə	çəʀɪŋkəl	çlas	çlɑsætəʀ	çʊt	wæʀpə	hei	çɑns	əm	ət	əʀ	æk	houə	huzə	ɛn	ɔpɪns	ɪʃ	jʏŋskə	çʀat			kɒʀtə	kʀiçə	latəʀ	læt	lœpt	lopə	lœkt	mɑʀ	mæt	fʀɑu	nə	çʀat	nɪt		nu	ɒf	ɔm	çəsçʀɔkə	ouk	ɔp	pɑkə	pəlis	mɑkə	ʀut	ʀutə	sɑmə	çɒnkɑpʊt		kʏmt	ʃte	ʃtɪl	ʃtʀɔət	ʃtʀɔətə	tə	tit	tufɑləç	fən	fʏl	fʀʏçt	fʀɑu	wɪl	zə	zit
Wervershoof	ɑn	tyt	ɑʃ	bɒidə	bəslɪst	bai	baytə	di	dɛn	da	də	dʏr	i	ə	ə	ɛfis	ɛkstra	xərɪŋkəl	xlas	xlasɛtər	xut	xʊiə		fəsxrɪkələk		ət	hɛ	huk	hauə	hayzə	ɪn	ɪnins	ɪs	jɔwi	jayst	klɒin	klɪŋkt	kɒrtə		latər	lɛt	lʌupt	lɑupə		mɑr	mɛt	frau	nə	nɛt	nit	nau	nɑu	ɒf	ɔm	ɔndain		ɔp	pakə	tyt	makə	ram	ramə	samə	xanstɪk		stapt	stɪ	stɪl	strɛit	strɛitə	tə	tʌit	tufaləx	fan	fœl	fraxt	frau	wɪl	sə	sit
Westhoek	ɑn	pəlisi	ɑt	bɒidə	bəsl̴yt	bai	bytn	dæ	dan	da	də		ei	ə	dər	ənhʏtsi		ɡərɪŋkəl	ɡl̴as	ɡl̴ɑsɛtər	ɡut	ɡʊiə	hei		əm	ət	hɛi	huk	hauən	hyzn	ɪn	ɪneis	ɪs	jɔŋki	krɛkt	klɑin	kl̴ɪŋkt	hʏtsi	kræiən	l̴atər	sit	loupt	lʌupm	l̴ʏkt	mɑr	mɛt	frau	na	krɛkt	nit	nau	nɑu	ɒt	əm	ɔndɛin	ouk	ɔp	pɑkən	pəlisi	makə	ryt	rytn	təɡar	snøfələ		stapt	stein	stɪl	dik		tə	tit	tufaləx	fan	fœl		frau	sɛl	sə	sit
Westkapelle	ɑn	pʊlisi	ɑs	ʊləbæi	bəslyt	bei	bytn	dæ	dɑn	dɑ	də	dʏr	ɪ	ən	dər	eifə	ækstrɑ	xəriŋkəl	hlɑs	χlɑsætər	χut	χʊiə		ɪl	æm	t	m	uk	aən	yzn	ɛ	ənis	ɪs	juəcə	jyst	klɛin	klɪŋkt	kɒrtə		lætər	læt	loupt	loupən	lœkt	mɑr	mæt	frauə	næ	næt	ni	nʊ	nu	ɒf	ɔm	ɔndæn	ouk	ɔp		pʊlisi	mækə	rytə	rytən	sæmən	snøfələ		stapt	stei	stɪl	strætə	strætn	tə	tit	tufɑləχ	fan	fɛ	fraχt	frauə	wɛl	zə	sit
Workum	ʊn	pliʃə	ɒt	baidə	bəslyt	bai	bytn	dɛr	dɑn	da	də	trʏ	ɪ	ə		eifə	ɛkstra	ɡərɪŋkəl	ɡl̴ɛs	ɡlɛsɛtər		ɡʊiə	hei			ət	ə	hukə	hʌdn	hysn	in	ɪnɪs	ɪs	jɔŋkjə		lits	klɪŋkt	kɒrtə	kræiə	lɛtər	lɛt	rɪnt	rɪnn	lʏk	mɑr	mai	frau	na	krɛk	nɛt		nɑu	ɒt				ɪn	pakə	pliʃə	repərɪrə	ryt	rytn	təɡɛrə	ɡɛnstɪkə	stɪn	stapt		stɪl	strɪtə	strʏtn	tə	tit	tufɑləx	fan		freixət	frau	ʋɔl	sə	ʃʏxt
Zandvliet	ɑn	pɒlis	ɑs	ɑlətwɑi	bəslist	bɛi	bœtə	dər	dan	dɑ	də	dʏr	ɪn	ən	dər	əbitʃə		çəriŋkəl	çlas	çlʌsəmʌkər	hɑrt	çʊiə	hei	hil		t	m	uk	hɑuə	œzə	in	ɪnɪs	ɪs	juəskə	ʃyst	klɛin	kliŋkt	kœrtən		lɑtər	læt	lɔpt	lɤpə	lʏk	mɒr	mɪt	madam	nər	tʃyst	ni	nɑu	nɑu	ɒfdat	ɔm		ʊk	ɔp	pakə	pɒlis	mʌkə	rʌm	rʌmə	sʌmə	xɒnkæpɒt		stapt	stɪ	stɪl	strɑt	strʌtə	tə	tæt	tufɑləx	fan	fœl	frɑçt	madam	wʏl	z	sit
Zevenhuizen	a	plitsi	az	baidn	bəslyt	bɑi	bytn	də	dan	dæ	də	dʏr	ɪ	ə	ə	əsxɒfkə	ɛkstrə	xərɪŋkəl	xlas	xlasɛtər	χud	xʊin	hei			hɛt	hɛ	huk	hɒln	hyzn	in	ɪneins	ɪs	jʌŋkjə	nɛt	lø		sxʌfkə	kriɡŋ	lʊdər		lʌpt	lʌupm			mɛt	frau	nə	nɛt	nit	nau		ɒf	ʏm	aslɒɡŋ		ɔp	pɑkŋ	pəlitsi	mʌkŋ	xlas	rʊmm	sɒmm	xɒnstʏk		stap	stein	stɪl	strʊt	strʊtn	tə	tit	tufaləx	fan	føl	frʊxt	frau	ʋɪl		sɪxt
Zierikzee	ɑn	ɑχɛnt	ɑt	bæiə	bəslyt	bi	bytə	da	dɑn	dɑ	də	dʏr	en	nə	dər	eifən	ækstra	xərɪŋkəl	χlɑs	χlɑsætər	xut	xʊiə		ɪl		hɛt	m	huk	aun	ysn	ɪ	ɪnɪs	ɪs	jɔŋəcə	jyst	klɛin	kliŋkt	kɒrtə	krɪχən	latər	kik	l̴ɑpt	lɑpə	lʏkt	mɑ	mət	məfrau	na	næt	ni	nʊ	nu	ɒf	ɔm	ɔndan	ok	ɔp	pɑkə	pəlisiɑχɛnt	makə	rytə	rytən	samə	snøfələ		stɑp	steinə	stɪl	stratə		tə	tit	tufɑləχ	fɑn	fe	fraχt	frauə	wɪl	sə	sit
Zwinderen	ɑn	ɑxɛnt	ʋənɪr	bɛidn	bəslœt	bai	bytn	dʌ	dɑn		də	dʏr	e	ə	ər	ebm	ɛkstra	xərɛŋkəl	xlɑs			xʊin				hɛt	ɪ	hɯk	hɒln	huzn	ɪn	ɪnes	ɪs	jɒxi	nɛt	klɛin		kʌrtə		latər		lœp	lopm		mar		frɑu	nɑ	jyst	nit			ɒf	ɔm	bətøtərt		ɔp	pɑkŋ	pəlitsiɑxɛnt	makŋ	rutə	rutn		snøfəlt		kɔm	stɪ	rʏstəx	strʌt	strʌtn	tə	tit		fɑn		frʌx	frɑu	ʋʏl	sə	sœt